timestamp	vehicle_id	pack_voltage_V	pack_current_A	soc_pct	soh_pct	temp_cell_avg_C	temp_cell_max_C	temp_ambient_C	cycle_count	charging_status	energy_kwh	internal_resistance_mohm	anomaly_flag
5/18/2026 0:00	EV-PACK-001	383.13	-0.24	85	94	21.92	23.7	21.15	312	idle	0.016	17.609	normal
5/18/2026 0:10	EV-PACK-001	380.72	-1.49	85	94.02	21.62	25.9	20.85	312	idle	0.11	18.02	normal
5/18/2026 0:20	EV-PACK-001	382.55	-1.09	85	94	20.54	24.53	21.26	312	idle	0.18	17.985	normal
5/18/2026 0:30	EV-PACK-001	381.77	1.88	85	94.01	20.46	22.55	20.72	312	idle	0.299	18.16	normal
5/18/2026 0:40	EV-PACK-001	385.21	0.73	85	94.01	21.02	23.5	21.31	312	idle	0.346	17.756	normal
5/18/2026 0:50	EV-PACK-001	380.74	-1.48	85	94.01	21.14	24.65	21.73	312	idle	0.44	18.224	normal
5/18/2026 1:00	EV-PACK-001	382.18	1.22	85	94.01	21.14	24.68	20.91	312	idle	0.518	18.068	normal
5/18/2026 1:10	EV-PACK-001	382.95	1.15	85	93.99	20.24	24.09	21.36	312	idle	0.591	17.86	normal
5/18/2026 1:20	EV-PACK-001	380.7	-1.54	85	94	22.13	25.32	21.28	312	idle	0.689	17.901	normal
5/18/2026 1:30	EV-PACK-001	383.19	0.24	85	94	21.56	24.37	21.83	312	idle	0.704	18.259	normal
5/18/2026 1:40	EV-PACK-001	380.62	-1.06	85	93.99	21.46	23.84	21.02	312	idle	0.772	18.209	normal
5/18/2026 1:50	EV-PACK-001	381.54	0.66	85	93.99	22.27	24.27	21.87	312	idle	0.813	17.893	normal
5/18/2026 2:00	EV-PACK-001	381.3	-0.15	85	94.01	21.36	23.31	21.34	312	idle	0.823	18.136	normal
5/18/2026 2:10	EV-PACK-001	381.88	-0.79	85	93.98	20.73	22.5	22.05	312	idle	0.874	17.605	normal
5/18/2026 2:20	EV-PACK-001	381.43	0.8	85	93.98	23.54	27.38	22.47	312	idle	0.924	18.223	normal
5/18/2026 2:30	EV-PACK-001	381.49	-1.61	85	94	23.09	25.2	22.34	312	idle	1.027	18.133	normal
5/18/2026 2:40	EV-PACK-001	382.11	1.43	85	94.03	21.98	24.78	22.34	312	idle	1.118	18.009	normal
5/18/2026 2:50	EV-PACK-001	382.27	-1.66	85	94.01	22.97	25.95	22.72	312	idle	1.224	18.253	normal
5/18/2026 3:00	EV-PACK-001	381.04	0.35	85	94.01	23.06	26.3	23.78	312	idle	1.246	17.59	normal
5/18/2026 3:10	EV-PACK-001	380.48	1.83	85	94.06	23.49	25.24	23.16	312	idle	1.362	18.602	normal
5/18/2026 3:20	EV-PACK-001	378.8	0.29	85	93.99	23.93	26.43	23.71	312	idle	1.381	17.878	normal
5/18/2026 3:30	EV-PACK-001	382.24	1.31	85	93.99	23.6	26.76	23.67	312	idle	1.464	17.501	normal
5/18/2026 3:40	EV-PACK-001	382.2	0.91	85	93.98	24.79	29.03	23.96	312	idle	1.522	17.648	normal
5/18/2026 3:50	EV-PACK-001	380.77	-0.52	85	94.01	24.57	27.02	23.88	312	idle	1.554	18.283	normal
5/18/2026 4:00	EV-PACK-001	381.02	-0.98	85	93.97	24.82	26.46	24.42	312	idle	1.616	17.636	normal
5/18/2026 4:10	EV-PACK-001	382.24	0.99	85	94	24.8	27.86	24.85	312	idle	1.68	18.396	normal
5/18/2026 4:20	EV-PACK-001	382.64	-0.51	85	93.97	26.09	28.37	24.84	312	idle	1.712	17.637	normal
5/18/2026 4:30	EV-PACK-001	381.73	1.32	85	93.98	25.9	29.2	26.15	312	idle	1.796	17.672	normal
5/18/2026 4:40	EV-PACK-001	381.99	1.89	85	94	25.88	27.42	25.93	312	idle	1.916	18.426	normal
5/18/2026 4:50	EV-PACK-001	381.93	-1.51	85	93.99	25.61	28.85	26.22	312	idle	2.013	17.741	normal
5/18/2026 5:00	EV-PACK-001	382.05	0.96	85	94.01	26.3	28.7	26.65	312	idle	2.073	18.305	normal
5/18/2026 5:10	EV-PACK-001	380.96	-0.85	85	93.98	27.01	30.18	27.15	312	idle	2.128	18.058	normal
5/18/2026 5:20	EV-PACK-001	385.78	-0.32	85	93.97	28.35	32.64	26.83	312	idle	2.149	17.919	normal
5/18/2026 5:30	EV-PACK-001	383.81	-1.93	85	93.99	26.29	30.18	26.79	312	idle	2.272	17.361	normal
5/18/2026 5:40	EV-PACK-001	385.32	1.47	85	94	26.5	29.12	26.86	312	idle	2.366	18.342	normal
5/18/2026 5:50	EV-PACK-001	385.19	-0.18	85	94.06	25.79	29.53	26.82	312	idle	2.378	18.556	normal
5/18/2026 6:00	EV-PACK-001	382.38	107.55	84.89	94.01	33.64	36.07	27.41	312	drive	9.233	17.932	normal
5/18/2026 6:10	EV-PACK-001	381.57	82.78	84.81	94	31.15	32.71	28.52	312	drive	14.497	17.926	normal
5/18/2026 6:20	EV-PACK-001	383.16	107.29	84.7	94	33.28	35.74	28.33	312	drive	21.349	18.022	normal
5/18/2026 6:30	EV-PACK-001	381.42	63.48	84.64	93.98	33.08	36.3	28.55	312	drive	25.384	18.122	normal
5/18/2026 6:40	EV-PACK-001	381.81	126.68	84.51	94.01	34.74	36.54	28.66	312	drive	33.445	18.284	normal
5/18/2026 6:50	EV-PACK-001	381.66	124.16	84.39	93.99	34.59	38.43	28.96	312	drive	41.343	17.975	normal
5/18/2026 7:00	EV-PACK-001	377.26	128.61	84.26	93.99	35.49	38.9	29.89	312	drive	49.429	18.095	normal
5/18/2026 7:10	EV-PACK-001	383.59	93.35	84.17	94	32.2	34.8	29.23	312	drive	55.397	17.908	normal
5/18/2026 7:20	EV-PACK-001	382.85	83.75	84.08	94.01	34.1	37.05	29.87	312	drive	60.741	18.36	normal
5/18/2026 7:30	EV-PACK-001	382.01	112.21	83.97	94.02	36.36	39.76	31.55	312	drive	67.885	17.797	normal
5/18/2026 7:40	EV-PACK-001	380.34	115.58	83.85	94.01	36.51	38.29	30.37	312	drive	75.212	18.553	normal
5/18/2026 7:50	EV-PACK-001	378.78	70.99	83.78	93.98	33.23	36.51	30.45	312	drive	79.694	18.198	normal
5/18/2026 8:00	EV-PACK-001	378.72	-0.99	83.78	94.02	30.5	33.85	30.99	312	idle	79.756	17.811	normal
5/18/2026 8:10	EV-PACK-001	381	-0.14	83.78	93.95	32.13	36.03	32.07	312	idle	79.765	18.492	normal
5/18/2026 8:20	EV-PACK-001	378.17	-1.52	83.78	93.98	32.97	36.44	31.72	312	idle	79.861	18.261	normal
5/18/2026 8:30	EV-PACK-001	380.89	-0.67	83.78	93.99	32.89	35.2	32.67	312	idle	79.903	17.749	normal
5/18/2026 8:40	EV-PACK-001	382.04	-1.41	83.78	93.98	31.64	34.29	32.42	312	idle	79.993	18.452	normal
5/18/2026 8:50	EV-PACK-001	381.81	1.12	83.78	94.01	32.38	36.84	32.32	312	idle	80.064	18.265	normal
5/18/2026 9:00	EV-PACK-001	380.23	1.4	83.78	94	31.69	34.95	33.23	312	idle	80.153	17.871	normal
5/18/2026 9:10	EV-PACK-001	378.66	1.3	83.78	94.01	32.59	35.42	33.82	312	idle	80.235	18.14	normal
5/18/2026 9:20	EV-PACK-001	377.08	-1.56	83.78	94.01	33.61	35.97	33.5	312	idle	80.333	18.146	normal
5/18/2026 9:30	EV-PACK-001	380.88	-1.64	83.78	94	34.12	36.34	33.62	312	idle	80.437	17.955	normal
5/18/2026 9:40	EV-PACK-001	381.32	1.64	83.78	93.96	34.01	35.52	34.14	312	idle	80.541	18.257	normal
5/18/2026 9:50	EV-PACK-001	377.04	-1.05	83.78	94	32.76	36.66	33.26	312	idle	80.607	17.923	normal
5/18/2026 10:00	EV-PACK-001	380.44	1.35	83.78	93.98	35.75	39.14	34.61	312	idle	80.693	17.758	normal
5/18/2026 10:10	EV-PACK-001	380	-1.23	83.78	94	34.17	38.61	33.47	312	idle	80.771	17.594	normal
5/18/2026 10:20	EV-PACK-001	380.34	-1.83	83.78	93.98	32.44	34.46	33.82	312	idle	80.887	17.828	normal
5/18/2026 10:30	EV-PACK-001	381.18	-0.17	83.78	94.02	33.79	37.01	33.93	312	idle	80.897	18.118	normal
5/18/2026 10:40	EV-PACK-001	382.14	0.31	83.78	93.99	34.16	38.48	34.41	312	idle	80.917	18.125	normal
5/18/2026 10:50	EV-PACK-001	383.66	-0.1	83.78	93.98	34.91	37.24	34.85	312	idle	80.924	18.333	normal
5/18/2026 11:00	EV-PACK-001	381.01	0.54	83.78	93.97	34.29	36.44	34.93	312	idle	80.958	17.388	normal
5/18/2026 11:10	EV-PACK-001	383.45	-0.33	83.78	93.99	35.5	38.72	34.6	312	idle	80.979	18.114	normal
5/18/2026 11:20	EV-PACK-001	381.47	0.61	83.78	93.99	34.51	37.65	34.75	312	idle	81.017	17.668	normal
5/18/2026 11:30	EV-PACK-001	382.69	0.05	83.78	93.99	36.31	40.58	36.24	312	idle	81.021	17.993	normal
5/18/2026 11:40	EV-PACK-001	379.26	-0.74	83.78	93.99	35.15	39.18	34.58	312	idle	81.068	18.12	normal
5/18/2026 11:50	EV-PACK-001	381.94	-1.31	83.78	93.96	33.81	35.36	35.22	312	idle	81.151	17.413	normal
5/18/2026 12:00	EV-PACK-001	379.49	-24.61	83.81	94.04	35.59	38.18	35.68	312	charge	82.707	17.848	normal
5/18/2026 12:10	EV-PACK-001	381.3	-29.33	83.84	93.99	35.28	37.95	35.21	312	charge	84.571	18.041	normal
5/18/2026 12:20	EV-PACK-001	381.65	-35.75	83.87	93.97	36.43	40.44	35.37	312	charge	86.845	18.5	normal
5/18/2026 12:30	EV-PACK-001	380.36	1.96	83.87	94	35.71	38.39	34.5	312	idle	86.97	18.448	normal
5/18/2026 12:40	EV-PACK-001	380.11	-0.12	83.87	93.96	34.28	38.5	35.02	312	idle	86.977	18.147	normal
5/18/2026 12:50	EV-PACK-001	382.37	-0.04	83.87	93.98	33.24	34.99	35.15	312	idle	86.98	17.506	normal
5/18/2026 13:00	EV-PACK-001	380.27	0.6	83.87	94.01	34.78	36.46	34.89	312	idle	87.018	17.709	normal
5/18/2026 13:10	EV-PACK-001	381.48	1.38	83.87	93.99	35.31	39.36	35.01	312	idle	87.105	17.986	normal
5/18/2026 13:20	EV-PACK-001	378.78	1.4	83.87	93.99	33.55	36.25	34.2	312	idle	87.194	18.112	normal
5/18/2026 13:30	EV-PACK-001	381.76	-0.64	83.87	94	33.99	38.27	34.08	312	idle	87.235	18.177	normal
5/18/2026 13:40	EV-PACK-001	381.04	-1.97	83.87	94.02	32.99	36.39	33.62	312	idle	87.36	17.576	normal
5/18/2026 13:50	EV-PACK-001	381.19	1.05	83.87	93.97	32.95	37.34	34.83	312	idle	87.426	17.924	normal
5/18/2026 14:00	EV-PACK-001	378.88	0.93	83.87	93.97	33.79	37.25	34.42	312	idle	87.485	18.496	normal
5/18/2026 14:10	EV-PACK-001	378.17	0.94	83.87	94.01	33.05	36.88	34.03	312	idle	87.544	17.856	normal
5/18/2026 14:20	EV-PACK-001	381.42	1.91	83.87	93.98	33.48	35.23	33.85	312	idle	87.666	17.825	normal
5/18/2026 14:30	EV-PACK-001	381.32	1.29	83.87	94	32.53	34.18	33.82	312	idle	87.748	17.703	normal
5/18/2026 14:40	EV-PACK-001	379.44	1.09	83.87	93.98	31.67	35.58	32.65	312	idle	87.817	18.086	normal
5/18/2026 14:50	EV-PACK-001	380.7	1.43	83.87	93.98	34.17	37.7	33.89	312	idle	87.908	18.155	normal
5/18/2026 15:00	EV-PACK-001	379.09	0.69	83.87	93.98	30.84	33.39	32.74	312	idle	87.951	18.778	normal
5/18/2026 15:10	EV-PACK-001	380.22	-0.41	83.87	94	31.63	33.69	31.76	312	idle	87.977	18.187	normal
5/18/2026 15:20	EV-PACK-001	383.73	1.23	83.87	94.01	31.95	34.67	31.75	312	idle	88.056	17.971	normal
5/18/2026 15:30	EV-PACK-001	380.06	-0.43	83.87	93.97	32.89	34.8	31.4	312	idle	88.083	18.514	normal
5/18/2026 15:40	EV-PACK-001	379.34	-1.93	83.87	93.96	32.54	35.07	32.31	312	idle	88.205	17.917	normal
5/18/2026 15:50	EV-PACK-001	380.13	0.16	83.87	94	31.69	33.9	31.75	312	idle	88.215	17.529	normal
5/18/2026 16:00	EV-PACK-001	381.83	0.97	83.87	94.01	31.5	33.9	31.24	312	idle	88.277	17.619	normal
5/18/2026 16:10	EV-PACK-001	381.23	1.5	83.87	94.01	31.81	35.69	31.41	312	idle	88.372	17.964	normal
5/18/2026 16:20	EV-PACK-001	379.87	1.98	83.87	94.02	31.01	33.07	31.27	312	idle	88.498	18.252	normal
5/18/2026 16:30	EV-PACK-001	381.12	1.82	83.87	93.98	30.33	31.94	30.45	312	idle	88.613	17.339	normal
5/18/2026 16:40	EV-PACK-001	379.2	-1.02	83.87	93.99	29.32	32.36	30	312	idle	88.677	18.349	normal
5/18/2026 16:50	EV-PACK-001	382.22	-0.46	83.87	93.99	28.83	30.95	29.59	312	idle	88.707	18.183	normal
5/18/2026 17:00	EV-PACK-001	381.63	60.13	83.81	93.97	32.01	33.52	30.14	312	drive	92.532	17.952	normal
5/18/2026 17:10	EV-PACK-001	379.94	94.51	83.72	93.95	32.17	34.45	28.73	312	drive	98.516	18.354	normal
5/18/2026 17:20	EV-PACK-001	382.52	114.66	83.6	93.97	33.85	38.14	28.47	312	drive	105.826	17.673	normal
5/18/2026 17:30	EV-PACK-001	381.06	72.04	83.53	94.01	32.23	36.49	29.14	312	drive	110.401	18.063	normal
5/18/2026 17:40	EV-PACK-001	376.79	68.85	83.46	93.95	32.91	36.12	29.01	312	drive	114.725	17.71	normal
5/18/2026 17:50	EV-PACK-001	382.7	128.27	83.34	93.99	34.54	38.36	28.35	312	drive	122.906	17.748	normal
5/18/2026 18:00	EV-PACK-001	382.96	96.36	83.24	94.01	33.61	36.2	27.85	312	drive	129.056	17.74	normal
5/18/2026 18:10	EV-PACK-001	381.63	108.06	83.13	94	33.39	35.84	28.01	312	drive	135.929	18.207	normal
5/18/2026 18:20	EV-PACK-001	378.85	61.52	83.07	94.02	28.24	31.87	26.5	312	drive	139.814	18.535	normal
5/18/2026 18:30	EV-PACK-001	379.57	107.51	82.96	93.99	32.21	35.79	27.21	312	drive	146.615	18.136	normal
5/18/2026 18:40	EV-PACK-001	379.36	60.32	82.9	94	30.29	33.54	26.13	312	drive	150.429	18.02	normal
5/18/2026 18:50	EV-PACK-001	377.73	102.9	82.8	94	31.02	32.67	26.51	312	drive	156.907	17.642	normal
5/18/2026 19:00	EV-PACK-001	379.23	-45.09	82.84	93.99	29.21	31.4	26.38	312	charge	159.756	18.325	normal
5/18/2026 19:10	EV-PACK-001	379.97	-36.61	82.88	93.99	27.42	31.1	25.47	312	charge	162.075	18.347	normal
5/18/2026 19:20	EV-PACK-001	379.82	-32.58	82.91	93.98	26.29	30.18	24.98	312	charge	164.137	18.093	normal
5/18/2026 19:30	EV-PACK-001	378.95	-46.69	82.96	93.98	27.3	29.25	25.01	312	charge	167.086	17.676	normal
5/18/2026 19:40	EV-PACK-001	380.08	-45.77	83.01	93.99	26.89	29.8	25.76	312	charge	169.985	17.459	normal
5/18/2026 19:50	EV-PACK-001	381.47	-35.51	83.04	93.97	24.24	28.09	24.78	312	charge	172.243	18.486	normal
5/18/2026 20:00	EV-PACK-001	378.36	-45.97	83.09	93.98	26.12	28.23	24.31	312	charge	175.142	18.569	normal
5/18/2026 20:10	EV-PACK-001	382.37	-31.31	83.12	94.05	26.53	29.21	25.19	312	charge	177.137	18.128	normal
5/18/2026 20:20	EV-PACK-001	381.23	-32.27	83.15	93.99	25.57	28.48	24.41	312	charge	179.188	18.291	normal
5/18/2026 20:30	EV-PACK-001	380.31	-23.93	83.17	93.97	25.29	27.81	23.88	312	charge	180.705	18.218	normal
5/18/2026 20:40	EV-PACK-001	379.99	-42.61	83.22	93.98	24.14	26.25	22.78	312	charge	183.403	17.616	normal
5/18/2026 20:50	EV-PACK-001	380.31	-27.78	83.24	93.95	23.42	27.8	22.98	312	charge	185.164	18.038	normal
5/18/2026 21:00	EV-PACK-001	379.6	-27.57	83.27	94.01	23.23	27.36	22.07	312	charge	186.909	18.086	normal
5/18/2026 21:10	EV-PACK-001	378.34	-48.59	83.32	93.94	24.7	27.11	22.28	312	charge	189.973	17.889	normal
5/18/2026 21:20	EV-PACK-001	379.19	-38.5	83.36	94.01	23.19	25.45	21.79	312	charge	192.406	17.926	normal
5/18/2026 21:30	EV-PACK-001	380.8	-42.05	83.4	93.99	22.77	25.49	22.11	312	charge	195.075	18.05	normal
5/18/2026 21:40	EV-PACK-001	383.23	-48.25	83.45	93.97	25.05	26.85	23.06	312	charge	198.157	18.04	normal
5/18/2026 21:50	EV-PACK-001	381.01	-32.41	83.48	94.02	22.68	26.31	21.72	312	charge	200.214	18.367	normal
5/18/2026 22:00	EV-PACK-001	377.36	-1.01	83.48	93.98	21.99	26.31	22.2	312	idle	200.278	18.055	normal
5/18/2026 22:10	EV-PACK-001	379.92	-0.04	83.48	93.99	22.04	24.84	21.71	312	idle	200.28	18.043	normal
5/18/2026 22:20	EV-PACK-001	382.65	-0.07	83.48	93.99	22.13	25.29	21.88	312	idle	200.285	17.675	normal
5/18/2026 22:30	EV-PACK-001	380.5	-1.52	83.48	94	22.78	26.11	22	312	idle	200.381	18.38	normal
5/18/2026 22:40	EV-PACK-001	375.78	-1.25	83.48	94	21.61	25.33	21.24	312	idle	200.46	17.503	normal
5/18/2026 22:50	EV-PACK-001	379.11	-0.63	83.48	93.99	22.69	26.57	21.56	312	idle	200.5	18.693	normal
5/18/2026 23:00	EV-PACK-001	380.37	-1.15	83.48	93.96	20.69	24.11	21.44	312	idle	200.573	18.01	normal
5/18/2026 23:10	EV-PACK-001	381.56	-1.75	83.48	93.99	21.14	23.1	21.04	312	idle	200.684	17.989	normal
5/18/2026 23:20	EV-PACK-001	378.62	-0.72	83.48	94	22.33	25.81	21.41	312	idle	200.73	17.596	normal
5/18/2026 23:30	EV-PACK-001	380.52	-0.63	83.48	93.96	21.91	25.95	21.29	312	idle	200.77	18.211	normal
5/18/2026 23:40	EV-PACK-001	381.08	1	83.48	94.02	20.99	24.47	21.19	312	idle	200.833	18.282	normal
5/18/2026 23:50	EV-PACK-001	380.01	0.95	83.48	93.99	22.23	25.89	21.9	312	idle	200.894	18.058	normal
5/19/2026 0:00	EV-PACK-001	379.08	0.59	83.48	94	21.11	23.93	21.41	312	idle	200.931	18.022	normal
5/19/2026 0:10	EV-PACK-001	381.31	0.62	83.48	93.98	21.67	24.15	21.34	312	idle	200.97	18.454	normal
5/19/2026 0:20	EV-PACK-001	378.65	-1.01	83.48	94	20.29	22.61	20.2	312	idle	201.034	17.921	normal
5/19/2026 0:30	EV-PACK-001	380.79	1.64	83.48	93.94	21.8	25.4	21.23	312	idle	201.138	17.913	normal
5/19/2026 0:40	EV-PACK-001	381.75	0.5	83.48	94	22.1	24.8	21.12	312	idle	201.17	17.872	normal
5/19/2026 0:50	EV-PACK-001	381.66	1.5	83.48	93.97	20.52	24.83	20.9	312	idle	201.266	18.225	normal
5/19/2026 1:00	EV-PACK-001	380.33	-0.04	83.48	94	21.12	23.35	21.73	312	idle	201.268	17.861	normal
5/19/2026 1:10	EV-PACK-001	378.32	1.91	83.48	93.96	20.77	24.56	20.85	312	idle	201.389	18.756	normal
5/19/2026 1:20	EV-PACK-001	380.8	0.58	83.48	94.02	22.28	25.54	22.16	312	idle	201.426	17.977	normal
5/19/2026 1:30	EV-PACK-001	379.21	1.44	83.48	94.02	21.32	23.83	21.3	312	idle	201.517	18.159	normal
5/19/2026 1:40	EV-PACK-001	378.51	1.1	83.48	93.99	21.48	25.98	21.62	312	idle	201.586	17.749	normal
5/19/2026 1:50	EV-PACK-001	379.3	0.48	83.48	94	23.62	25.33	22.45	312	idle	201.616	17.978	normal
5/19/2026 2:00	EV-PACK-001	379.57	1.54	83.48	93.98	20.92	24.92	21.97	312	idle	201.714	18.219	normal
5/19/2026 2:10	EV-PACK-001	381.37	0	83.48	94.02	21.94	26.42	21.8	312	idle	201.714	18.391	normal
5/19/2026 2:20	EV-PACK-001	382.04	1.91	83.48	94	23.5	26.28	22.51	312	idle	201.835	18.203	normal
5/19/2026 2:30	EV-PACK-001	378.14	1.15	83.48	94.02	21.31	24.06	21.9	312	idle	201.908	18.276	normal
5/19/2026 2:40	EV-PACK-001	379.82	-0.03	83.48	93.98	22.59	26.72	22.5	312	idle	201.91	18.364	normal
5/19/2026 2:50	EV-PACK-001	380.85	-1.73	83.48	93.98	23.1	25.9	23.02	312	idle	202.02	17.953	normal
5/19/2026 3:00	EV-PACK-001	380.03	1.29	83.48	93.98	22.78	26.86	22.92	312	idle	202.102	17.756	normal
5/19/2026 3:10	EV-PACK-001	379.93	-1.63	83.48	93.99	24.03	26.3	22.93	312	idle	202.205	18.035	normal
5/19/2026 3:20	EV-PACK-001	376.7	-0.14	83.48	94	21.91	24.03	23.5	312	idle	202.214	18.029	normal
5/19/2026 3:30	EV-PACK-001	381.71	-1.29	83.48	93.99	24.86	27.55	23.98	312	idle	202.296	18.313	normal
5/19/2026 3:40	EV-PACK-001	380.34	-0.21	83.48	93.96	23.71	28.14	23.7	312	idle	202.309	17.289	normal
5/19/2026 3:50	EV-PACK-001	379.8	0.62	83.48	94.04	22.47	25.67	23.65	312	idle	202.349	17.767	normal
5/19/2026 4:00	EV-PACK-001	379.63	-1.89	83.48	93.97	24.57	27.53	25.4	312	idle	202.468	17.99	normal
5/19/2026 4:10	EV-PACK-001	379.04	1.31	83.48	93.96	24.9	27.22	24.73	312	idle	202.551	18.15	normal
5/19/2026 4:20	EV-PACK-001	381.13	0.71	83.48	93.99	25.49	27.63	25.47	312	idle	202.596	17.93	normal
5/19/2026 4:30	EV-PACK-001	382.48	1.56	83.48	94.03	26.5	30.81	25.63	312	idle	202.695	18.25	normal
5/19/2026 4:40	EV-PACK-001	378.79	-1.22	83.48	93.98	27.83	29.63	26.59	312	idle	202.772	17.629	normal
5/19/2026 4:50	EV-PACK-001	379.2	-1.46	83.48	94.03	25.63	28.21	26.11	312	idle	202.865	17.762	normal
5/19/2026 5:00	EV-PACK-001	379.44	0.44	83.48	93.96	26.21	30.5	26.34	312	idle	202.893	17.23	normal
5/19/2026 5:10	EV-PACK-001	378.39	0.48	83.48	93.99	26.66	30.42	25.58	312	idle	202.923	18.413	normal
5/19/2026 5:20	EV-PACK-001	380.96	-1.82	83.48	94	27.84	32.19	27.18	312	idle	203.039	18.194	normal
5/19/2026 5:30	EV-PACK-001	378.4	1.91	83.48	93.99	26.97	29.66	26.81	312	idle	203.159	17.789	normal
5/19/2026 5:40	EV-PACK-001	382.51	-1.23	83.48	93.98	28.75	32.02	27.68	312	idle	203.237	18.532	normal
5/19/2026 5:50	EV-PACK-001	379.56	0.53	83.48	94.01	26.79	29.47	28.22	312	idle	203.271	17.559	normal
5/19/2026 6:00	EV-PACK-001	380.51	96.95	83.39	93.98	32.54	35	28.76	312	drive	209.419	18.259	normal
5/19/2026 6:10	EV-PACK-001	381.47	73.29	83.31	93.98	32.55	34.69	29.18	312	drive	214.079	17.893	normal
5/19/2026 6:20	EV-PACK-001	380.82	126.14	83.19	94.01	34.75	38.26	28.55	312	drive	222.085	18.488	normal
5/19/2026 6:30	EV-PACK-001	378.73	133.91	83.05	93.99	34.77	36.39	28.73	312	drive	230.538	18.513	normal
5/19/2026 6:40	EV-PACK-001	376.26	119.48	82.93	93.99	32.87	35.77	29.11	312	drive	238.03	18.046	normal
5/19/2026 6:50	EV-PACK-001	382.37	130.3	82.8	93.98	35.37	37.69	28.85	312	drive	246.334	17.896	normal
5/19/2026 7:00	EV-PACK-001	380.51	102.92	82.7	93.97	32.12	36.18	28.75	312	drive	252.861	17.68	normal
5/19/2026 7:10	EV-PACK-001	375.31	89.96	82.61	93.94	34.67	37.62	30.13	312	drive	258.488	17.952	normal
5/19/2026 7:20	EV-PACK-001	374.85	94	82.52	93.97	33.85	35.7	29.9	312	drive	264.36	18.269	normal
5/19/2026 7:30	EV-PACK-001	381.67	84.3	82.43	94.01	34.51	37.57	30.88	312	drive	269.723	17.583	normal
5/19/2026 7:40	EV-PACK-001	378.75	113.47	82.32	93.99	34.43	36.05	30.58	312	drive	276.886	18.319	normal
5/19/2026 7:50	EV-PACK-001	379.81	71.17	82.25	93.99	32.14	33.93	30.44	312	drive	281.391	18.291	normal
5/19/2026 8:00	EV-PACK-001	379.4	1.9	82.25	93.97	32.32	36.43	31.71	312	idle	281.511	17.964	normal
5/19/2026 8:10	EV-PACK-001	377.91	-1.86	82.25	93.97	31.23	35.61	31.97	312	idle	281.628	18.127	normal
5/19/2026 8:20	EV-PACK-001	378.32	1.61	82.25	94.02	33	37.01	32.47	312	idle	281.729	18.135	normal
5/19/2026 8:30	EV-PACK-001	377.93	0.14	82.25	94	32.17	34.86	32.49	312	idle	281.738	17.916	normal
5/19/2026 8:40	EV-PACK-001	378.13	-0.76	82.25	94.01	31.97	36.36	31.63	312	idle	281.786	18.428	normal
5/19/2026 8:50	EV-PACK-001	379.94	1.32	82.25	93.99	33.59	37.92	33.21	312	idle	281.869	18.022	normal
5/19/2026 9:00	EV-PACK-001	379.13	0.17	82.25	93.98	34.41	38.03	33.23	312	idle	281.88	17.169	normal
5/19/2026 9:10	EV-PACK-001	378.84	-0.55	82.25	93.97	34.1	35.83	33.08	312	idle	281.915	18.131	normal
5/19/2026 9:20	EV-PACK-001	377.88	0.45	82.25	94	33.42	35.53	33.03	312	idle	281.944	18.588	normal
5/19/2026 9:30	EV-PACK-001	376.58	1.74	82.25	93.97	34.49	36.13	33.46	312	idle	282.053	17.969	normal
5/19/2026 9:40	EV-PACK-001	379.08	0.27	82.25	93.98	33.98	37.36	33.44	312	idle	282.071	18.184	normal
5/19/2026 9:50	EV-PACK-001	380.59	1.46	82.25	94	36.18	37.95	35.02	312	idle	282.163	18.699	normal
5/19/2026 10:00	EV-PACK-001	378.37	-0.49	82.25	93.99	34.4	36.45	34.55	312	idle	282.194	18.451	normal
5/19/2026 10:10	EV-PACK-001	380.08	-0.26	82.25	93.97	34.29	36.3	33.75	312	idle	282.21	17.949	normal
5/19/2026 10:20	EV-PACK-001	379.05	-0.01	82.25	93.96	33.84	36.65	33.91	312	idle	282.211	17.144	normal
5/19/2026 10:30	EV-PACK-001	379.24	-0.31	82.25	93.99	33.93	36.11	35.03	312	idle	282.231	17.988	normal
5/19/2026 10:40	EV-PACK-001	378.24	-0.12	82.25	93.98	35.27	36.95	35.74	312	idle	282.238	18.184	normal
5/19/2026 10:50	EV-PACK-001	378.52	-0.29	82.25	93.99	36.33	39.72	34.48	312	idle	282.256	18.567	normal
5/19/2026 11:00	EV-PACK-001	377.41	1.84	82.25	93.96	35.69	39.63	35.24	312	idle	282.372	18.043	normal
5/19/2026 11:10	EV-PACK-001	376.04	-1.14	82.25	93.94	34.29	36.39	34.15	312	idle	282.444	18.027	normal
5/19/2026 11:20	EV-PACK-001	381.84	-0.91	82.25	93.99	33.67	35.64	34.8	312	idle	282.502	18.543	normal
5/19/2026 11:30	EV-PACK-001	379.19	1.53	82.25	93.96	35.91	37.94	35.22	312	idle	282.598	18.295	normal
5/19/2026 11:40	EV-PACK-001	377.77	-0.91	82.25	93.98	35.16	38.31	35.14	312	idle	282.655	17.71	normal
5/19/2026 11:50	EV-PACK-001	376.97	1.13	82.25	93.97	35.06	37.91	34.44	312	idle	282.726	17.862	normal
5/19/2026 12:00	EV-PACK-001	378.41	-25.29	82.27	94.02	37.2	39.42	35.66	312	charge	284.321	18.019	normal
5/19/2026 12:10	EV-PACK-001	379.58	-23.93	82.3	93.99	36.85	39.46	35.06	312	charge	285.835	17.528	normal
5/19/2026 12:20	EV-PACK-001	378.32	-34.94	82.33	93.98	34.64	39.14	34.62	312	charge	288.038	17.208	normal
5/19/2026 12:30	EV-PACK-001	380.41	1.17	82.33	93.99	35.86	37.4	34.85	312	idle	288.112	17.392	normal
5/19/2026 12:40	EV-PACK-001	380.27	0.27	82.33	94	34.25	36.08	35.17	312	idle	288.129	17.745	normal
5/19/2026 12:50	EV-PACK-001	381.07	1.98	82.33	93.98	33.87	36.31	33.99	312	idle	288.255	18.104	normal
5/19/2026 13:00	EV-PACK-001	376.13	1.76	82.33	93.95	34.88	37.27	35.44	312	idle	288.365	18.152	normal
5/19/2026 13:10	EV-PACK-001	378.25	1.8	82.33	94	33.29	36.84	34.31	312	idle	288.478	17.815	normal
5/19/2026 13:20	EV-PACK-001	378.21	-0.94	82.33	93.96	35.14	38.67	34.98	312	idle	288.538	17.689	normal
5/19/2026 13:30	EV-PACK-001	379.04	1.86	82.33	93.98	34.82	37.61	34.15	312	idle	288.655	18.041	normal
5/19/2026 13:40	EV-PACK-001	376.62	-0.49	82.33	93.94	33.53	35.04	34.51	312	idle	288.685	18.342	normal
5/19/2026 13:50	EV-PACK-001	378.57	-1.17	82.33	93.95	34.87	36.64	34.38	312	idle	288.759	17.998	normal
5/19/2026 14:00	EV-PACK-001	377.32	-1.24	82.33	93.98	32.58	35.52	32.89	312	idle	288.837	17.611	normal
5/19/2026 14:10	EV-PACK-001	379.48	1.93	82.33	93.96	33.88	38.15	33.54	312	idle	288.96	18.507	normal
5/19/2026 14:20	EV-PACK-001	380.69	-1.61	82.33	93.99	32.64	34.7	33.71	312	idle	289.062	18.442	normal
5/19/2026 14:30	EV-PACK-001	378.22	1.63	82.33	93.98	33.96	36.28	33.65	312	idle	289.164	18.022	normal
5/19/2026 14:40	EV-PACK-001	383.17	-0.39	82.33	93.99	31.62	34.32	33.02	312	idle	289.19	17.806	normal
5/19/2026 14:50	EV-PACK-001	380.56	1.13	82.33	94.01	33.39	37.44	33.18	312	idle	289.261	17.331	normal
5/19/2026 15:00	EV-PACK-001	376.97	1.47	82.33	93.99	32.54	36.32	33.14	312	idle	289.354	18.03	normal
5/19/2026 15:10	EV-PACK-001	380.26	0.91	82.33	93.99	33.32	36.4	33.27	312	idle	289.412	17.594	normal
5/19/2026 15:20	EV-PACK-001	376.56	-1.53	82.33	93.98	31.4	34.42	31.29	312	idle	289.507	18.386	normal
5/19/2026 15:30	EV-PACK-001	380.71	1.65	82.33	93.95	32.42	35.95	31.91	312	idle	289.612	17.964	normal
5/19/2026 15:40	EV-PACK-001	379.92	1.84	82.33	93.98	32.4	36.85	32.21	312	idle	289.729	17.705	normal
5/19/2026 15:50	EV-PACK-001	377.75	1.95	82.33	93.97	32.93	37.05	32.66	312	idle	289.852	18.12	normal
5/19/2026 16:00	EV-PACK-001	379	1.92	82.33	94	31.9	35.71	31.46	312	idle	289.973	17.551	normal
5/19/2026 16:10	EV-PACK-001	378.38	1.32	82.33	94.01	30.27	33.91	31.41	312	idle	290.056	17.875	normal
5/19/2026 16:20	EV-PACK-001	377.99	-0.61	82.33	93.97	30.86	33.55	30.64	312	idle	290.094	18.298	normal
5/19/2026 16:30	EV-PACK-001	378	1.47	82.33	94.03	28.96	32.05	29.89	312	idle	290.187	17.896	normal
5/19/2026 16:40	EV-PACK-001	377.1	-1.89	82.33	93.99	29.22	32.62	29.53	312	idle	290.305	17.339	normal
5/19/2026 16:50	EV-PACK-001	379.19	-0.2	82.33	93.94	31.89	36.05	31.06	312	idle	290.318	17.862	normal
5/19/2026 17:00	EV-PACK-001	377.19	71.28	82.26	93.99	33.44	37.71	30.13	312	drive	294.799	17.878	normal
5/19/2026 17:10	EV-PACK-001	376.53	67.2	82.19	93.98	31.34	35.81	28.85	312	drive	299.017	18.375	normal
5/19/2026 17:20	EV-PACK-001	378.61	106.42	82.09	93.98	33.56	37.71	28.75	312	drive	305.732	18.028	normal
5/19/2026 17:30	EV-PACK-001	379.76	95.79	81.99	93.98	31.41	33.42	28.19	312	drive	311.795	17.791	normal
5/19/2026 17:40	EV-PACK-001	379.05	79.71	81.91	93.97	30.95	34.51	28.42	312	drive	316.83	17.805	normal
5/19/2026 17:50	EV-PACK-001	379.53	84.61	81.83	93.97	31.65	35.88	28.46	312	drive	322.183	17.84	normal
5/19/2026 18:00	EV-PACK-001	380.63	104.34	81.72	93.96	35.06	38.43	28.55	312	drive	328.802	18.059	normal
5/19/2026 18:10	EV-PACK-001	376.34	114.61	81.61	94	31.62	34.35	27.31	312	drive	335.991	17.673	normal
5/19/2026 18:20	EV-PACK-001	377.11	119.43	81.49	94	32.36	35.28	26.93	312	drive	343.497	18.55	normal
5/19/2026 18:30	EV-PACK-001	377.98	99.35	81.39	93.98	30.81	34.52	27.23	312	drive	349.755	18.281	normal
5/19/2026 18:40	EV-PACK-001	378.54	133.73	81.25	93.99	32.55	36.94	25.57	312	drive	358.193	17.56	normal
5/19/2026 18:50	EV-PACK-001	377.41	67.62	81.19	93.97	30.25	34.06	26.99	312	drive	362.446	17.483	normal
5/19/2026 19:00	EV-PACK-001	376.61	-24.63	81.21	93.97	26.78	30.16	26.02	312	charge	363.992	18.171	normal
5/19/2026 19:10	EV-PACK-001	374.62	-42.79	81.25	94	28	31	25.69	312	charge	366.663	18.05	normal
5/19/2026 19:20	EV-PACK-001	377.95	-26.72	81.28	93.99	25.83	28.11	24.63	312	charge	368.346	17.9	normal
5/19/2026 19:30	EV-PACK-001	377.19	-35.8	81.32	93.99	25.71	30.01	25.79	312	charge	370.597	18.405	normal
5/19/2026 19:40	EV-PACK-001	378.91	-29.1	81.35	93.99	27.16	31.61	24.6	312	charge	372.435	17.971	normal
5/19/2026 19:50	EV-PACK-001	378.27	-29.63	81.38	93.97	26.59	29.61	24.8	312	charge	374.302	18.105	normal
5/19/2026 20:00	EV-PACK-001	376.81	-30.01	81.41	93.95	26.6	28.66	25.24	312	charge	376.187	17.59	normal
5/19/2026 20:10	EV-PACK-001	376.06	-42.78	81.45	93.98	24.84	27.29	23.22	312	charge	378.868	17.847	normal
5/19/2026 20:20	EV-PACK-001	378.48	-21.95	81.47	93.99	24.27	25.83	23.84	312	charge	380.253	18.353	normal
5/19/2026 20:30	EV-PACK-001	376.18	-33.34	81.5	93.98	25.67	29.58	23.04	312	charge	382.343	18.127	normal
5/19/2026 20:40	EV-PACK-001	377.3	-47.12	81.55	93.97	25.7	27.81	23.4	312	charge	385.306	17.871	normal
5/19/2026 20:50	EV-PACK-001	375.18	-48.59	81.6	93.95	25.44	28.38	22.67	312	charge	388.344	18.468	normal
5/19/2026 21:00	EV-PACK-001	377.27	-30.57	81.63	93.96	24.87	27.69	23.41	312	charge	390.266	18.12	normal
5/19/2026 21:10	EV-PACK-001	378.82	-44.32	81.67	93.94	25.75	28.68	22.94	312	charge	393.064	17.699	normal
5/19/2026 21:20	EV-PACK-001	375.71	-26.71	81.7	93.97	24.07	26.1	22.5	312	charge	394.737	17.718	normal
5/19/2026 21:30	EV-PACK-001	377.9	-47.89	81.75	93.98	25.63	29.99	22.98	312	charge	397.753	18.05	normal
5/19/2026 21:40	EV-PACK-001	376.98	-47.18	81.8	94	24.56	26.3	22.03	312	charge	400.717	17.166	normal
5/19/2026 21:50	EV-PACK-001	379.73	-32.52	81.83	94	21.78	25.5	20.57	312	charge	402.775	17.713	normal
5/19/2026 22:00	EV-PACK-001	378.11	-0.11	81.83	94	20.03	24.44	20.98	312	idle	402.782	17.736	normal
5/19/2026 22:10	EV-PACK-001	377.59	-1.12	81.83	94.01	21.52	25.22	22.16	312	idle	402.853	17.636	normal
5/19/2026 22:20	EV-PACK-001	377.18	1.41	81.83	93.95	21.06	25.34	21.64	312	idle	402.941	18.07	normal
5/19/2026 22:30	EV-PACK-001	375.49	-1.4	81.83	94.02	19.9	22.42	20.44	312	idle	403.028	17.78	normal
5/19/2026 22:40	EV-PACK-001	375.53	-0.86	81.83	94	20.97	24.03	21.45	312	idle	403.082	17.734	normal
5/19/2026 22:50	EV-PACK-001	377.31	0.6	81.83	93.97	20.88	23.85	20.72	312	idle	403.12	17.961	normal
5/19/2026 23:00	EV-PACK-001	378.55	-1.81	81.83	93.97	20.88	23.71	20.87	312	idle	403.234	18.281	normal
5/19/2026 23:10	EV-PACK-001	380.74	-1.87	81.83	93.98	20.02	23.48	21.01	312	idle	403.353	17.474	normal
5/19/2026 23:20	EV-PACK-001	378.45	-0.17	81.83	93.96	21.45	24.09	21.89	312	idle	403.364	17.967	normal
5/19/2026 23:30	EV-PACK-001	377.04	0.06	81.83	93.99	20.27	22.07	20.91	312	idle	403.368	18.16	normal
5/19/2026 23:40	EV-PACK-001	378.33	0.41	81.83	93.97	21.47	25.34	21.14	312	idle	403.394	18.015	normal
5/19/2026 23:50	EV-PACK-001	377.19	-1.83	81.83	94	22.54	24.48	22.11	312	idle	403.509	17.621	normal
5/20/2026 0:00	EV-PACK-001	379.98	-0.19	81.83	93.99	21.46	24.4	20.95	312	idle	403.521	18.576	normal
5/20/2026 0:10	EV-PACK-001	378.43	1.78	81.83	93.99	21.06	22.83	21	312	idle	403.633	18.218	normal
5/20/2026 0:20	EV-PACK-001	378.39	1.88	81.83	93.99	21.06	25.14	21.03	312	idle	403.752	17.602	normal
5/20/2026 0:30	EV-PACK-001	377.48	-0.44	81.83	93.97	20.83	22.88	19.76	312	idle	403.78	18.241	normal
5/20/2026 0:40	EV-PACK-001	377.5	-1.2	81.83	94	22.01	25.54	21.16	312	idle	403.855	18.132	normal
5/20/2026 0:50	EV-PACK-001	377.05	0.87	81.83	93.99	20.43	24.49	21.5	312	idle	403.909	18.242	normal
5/20/2026 1:00	EV-PACK-001	379.34	-0.63	81.83	93.98	20.34	22.21	21.29	312	idle	403.949	18.901	normal
5/20/2026 1:10	EV-PACK-001	375.48	1.75	81.83	94.01	21.21	24.85	21.62	312	idle	404.059	17.61	normal
5/20/2026 1:20	EV-PACK-001	377.73	0.08	81.83	93.99	21.42	24.76	21.56	312	idle	404.063	18.034	normal
5/20/2026 1:30	EV-PACK-001	376.08	-1.84	81.83	93.95	19.94	22.26	21.43	312	idle	404.179	18.061	normal
5/20/2026 1:40	EV-PACK-001	374.96	-0.46	81.83	93.95	20.93	22.7	21.64	312	idle	404.208	18.16	normal
5/20/2026 1:50	EV-PACK-001	379.36	1.96	81.83	93.99	21.88	24.98	21.87	312	idle	404.332	17.856	normal
5/20/2026 2:00	EV-PACK-001	378.39	1.38	81.83	93.99	22.75	26.55	22.04	312	idle	404.419	18.28	normal
5/20/2026 2:10	EV-PACK-001	380.51	-1.62	81.83	93.99	21.97	23.75	21.69	312	idle	404.521	17.831	normal
5/20/2026 2:20	EV-PACK-001	380.3	1.2	81.83	93.98	21.34	23.14	22.13	312	idle	404.597	18.108	normal
5/20/2026 2:30	EV-PACK-001	378.49	-0.21	81.83	93.98	23.1	25.87	22.69	312	idle	404.61	18.064	normal
5/20/2026 2:40	EV-PACK-001	379.03	-0.3	81.83	93.98	22.79	25.55	22.75	312	idle	404.629	18.066	normal
5/20/2026 2:50	EV-PACK-001	377.41	-0.59	81.83	94.02	23.3	27.27	22.94	312	idle	404.666	18.075	normal
5/20/2026 3:00	EV-PACK-001	377	1.87	81.83	93.98	22.66	25.74	22.86	312	idle	404.784	18.299	normal
5/20/2026 3:10	EV-PACK-001	377.7	-0.95	81.83	93.96	26.11	29.3	23.9	312	idle	404.843	17.83	normal
5/20/2026 3:20	EV-PACK-001	377.65	1.26	81.83	93.96	23.19	25.46	23.03	312	idle	404.923	18.265	normal
5/20/2026 3:30	EV-PACK-001	379.1	1.58	81.83	93.96	23.54	26.8	23.2	312	idle	405.023	18.249	normal
5/20/2026 3:40	EV-PACK-001	380.15	-1.58	81.83	94.03	24.3	28.57	23.72	312	idle	405.123	18.42	normal
5/20/2026 3:50	EV-PACK-001	377.27	1.79	81.83	93.95	22.78	25.64	23.38	312	idle	405.236	17.956	normal
5/20/2026 4:00	EV-PACK-001	378.92	-0.99	81.83	94.02	25.12	26.73	24.67	312	idle	405.298	17.934	normal
5/20/2026 4:10	EV-PACK-001	376.69	-1.62	81.83	93.97	23.57	27.69	24.88	312	idle	405.4	18.01	normal
5/20/2026 4:20	EV-PACK-001	379.28	0.15	81.83	93.98	25.31	27.92	26.05	312	idle	405.409	18.058	normal
5/20/2026 4:30	EV-PACK-001	378.21	-0.95	81.83	93.97	24.26	26.8	24.39	312	idle	405.469	17.885	normal
5/20/2026 4:40	EV-PACK-001	379.81	0.35	81.83	93.99	25.43	29.66	25.65	312	idle	405.491	18.178	normal
5/20/2026 4:50	EV-PACK-001	379.66	0.79	81.83	93.98	26.75	28.53	25.68	312	idle	405.542	17.787	normal
5/20/2026 5:00	EV-PACK-001	377.22	0.03	81.83	93.98	25.01	28.39	26.19	312	idle	405.544	17.817	normal
5/20/2026 5:10	EV-PACK-001	378.55	1.48	81.83	93.98	26.28	28.42	26.09	312	idle	405.637	18.703	normal
5/20/2026 5:20	EV-PACK-001	376.26	-1.25	81.83	93.97	28.35	30.46	27.03	312	idle	405.715	17.734	normal
5/20/2026 5:30	EV-PACK-001	377.74	-1.2	81.83	93.99	28.08	31.7	27.04	312	idle	405.791	17.63	normal
5/20/2026 5:40	EV-PACK-001	375.82	-1.84	81.83	93.95	27.12	28.64	27.64	312	idle	405.906	18.398	normal
5/20/2026 5:50	EV-PACK-001	374.62	-0.11	81.83	93.98	28.48	30.96	27.65	312	idle	405.913	18.148	normal
5/20/2026 6:00	EV-PACK-001	374.47	131.85	81.7	93.98	33.85	36.5	28.54	312	drive	414.142	17.99	normal
5/20/2026 6:10	EV-PACK-001	377.63	73.96	81.62	93.95	30.55	34.81	28.7	312	drive	418.797	18.173	normal
5/20/2026 6:20	EV-PACK-001	378.06	66.42	81.56	93.96	29.46	31.59	28.93	312	drive	422.982	18.614	normal
5/20/2026 6:30	EV-PACK-001	377.76	106.44	81.45	93.98	33.6	35.51	27.92	312	drive	429.683	18.186	normal
5/20/2026 6:40	EV-PACK-001	379.09	89.57	81.36	94	32.33	34.34	29.56	312	drive	435.342	18.391	normal
5/20/2026 6:50	EV-PACK-001	378.88	117.9	81.24	93.97	36.67	40.67	29.3	312	drive	442.787	17.897	normal
5/20/2026 7:00	EV-PACK-001	373.19	128.29	81.11	94.01	34.99	37.77	29.57	312	drive	450.767	17.901	normal
5/20/2026 7:10	EV-PACK-001	377.56	139.13	80.97	93.97	37.03	38.69	30.11	312	drive	459.522	18.46	normal
5/20/2026 7:20	EV-PACK-001	376.6	114.82	80.86	93.98	36.13	38.73	30.64	312	drive	466.728	17.968	normal
5/20/2026 7:30	EV-PACK-001	376.95	84.44	80.78	94	33.2	35.15	31.31	312	drive	472.033	17.384	normal
5/20/2026 7:40	EV-PACK-001	375.44	115.51	80.66	93.96	35	36.95	31.04	312	drive	479.261	18.04	normal
5/20/2026 7:50	EV-PACK-001	377.88	138.97	80.52	93.97	38.37	40.08	31.27	312	drive	488.013	18.494	normal
5/20/2026 8:00	EV-PACK-001	377.84	-1.96	80.52	94	29.78	32.06	30.47	312	idle	488.137	17.842	normal
5/20/2026 8:10	EV-PACK-001	377.56	0.39	80.52	93.93	32.12	36.3	32.14	312	idle	488.161	17.695	normal
5/20/2026 8:20	EV-PACK-001	378.44	-0.81	80.52	93.97	33.38	36.93	32.09	312	idle	488.212	17.751	normal
5/20/2026 8:30	EV-PACK-001	378.85	-0.05	80.52	93.99	33.4	36.48	32.5	312	idle	488.215	17.785	normal
5/20/2026 8:40	EV-PACK-001	376.45	-1.21	80.52	93.98	33.28	37.48	31.95	312	idle	488.291	17.319	normal
5/20/2026 8:50	EV-PACK-001	376.5	0.53	80.52	93.96	32.18	35.84	32.38	312	idle	488.324	17.591	normal
5/20/2026 9:00	EV-PACK-001	374.21	1.83	80.52	93.93	33.91	36.72	33.29	312	idle	488.438	18.037	normal
5/20/2026 9:10	EV-PACK-001	377.09	-1.19	80.52	93.97	32.86	36.07	33.51	312	idle	488.513	17.918	normal
5/20/2026 9:20	EV-PACK-001	375.96	0.34	80.52	93.96	33.84	37.26	33.04	312	idle	488.534	17.842	normal
5/20/2026 9:30	EV-PACK-001	376.09	-0.91	80.52	94	30.87	34.41	32.73	312	idle	488.591	17.781	normal
5/20/2026 9:40	EV-PACK-001	378.29	0.94	80.52	93.98	34.01	37.28	32.88	312	idle	488.65	17.862	normal
5/20/2026 9:50	EV-PACK-001	376.2	0.89	80.52	94	34.02	35.67	32.74	312	idle	488.706	18.082	normal
5/20/2026 10:00	EV-PACK-001	376.6	1.78	80.52	93.95	36.65	38.47	35.12	312	idle	488.818	18.36	normal
5/20/2026 10:10	EV-PACK-001	375.19	1.09	80.52	93.97	33.52	36.23	34.26	312	idle	488.886	18.351	normal
5/20/2026 10:20	EV-PACK-001	375.17	0.09	80.52	93.96	34.97	38.93	34.38	312	idle	488.891	18.833	normal
5/20/2026 10:30	EV-PACK-001	377.85	1.8	80.52	93.96	33.89	35.55	34.24	312	idle	489.005	18.215	normal
5/20/2026 10:40	EV-PACK-001	378.12	0.57	80.52	93.95	33.91	35.77	34.37	312	idle	489.041	17.477	normal
5/20/2026 10:50	EV-PACK-001	374.84	-1.42	80.52	94	33.52	35.67	34.02	312	idle	489.129	17.92	normal
5/20/2026 11:00	EV-PACK-001	375.93	0.5	80.52	93.95	34.77	39.01	35.09	312	idle	489.161	18.228	normal
5/20/2026 11:10	EV-PACK-001	376.94	0.48	80.52	93.95	35.48	37.03	34.85	312	idle	489.191	18.598	normal
5/20/2026 11:20	EV-PACK-001	376.47	-0.49	80.52	94	34.93	37.95	35	312	idle	489.222	18.307	normal
5/20/2026 11:30	EV-PACK-001	375.57	1.88	80.52	94.02	35.64	38.02	34.94	312	idle	489.34	18.38	normal
5/20/2026 11:40	EV-PACK-001	375.8	1.8	80.52	93.99	35.98	37.55	34.91	312	idle	489.452	18.128	normal
5/20/2026 11:50	EV-PACK-001	378	0.47	80.52	93.97	36.47	39.52	35.24	312	idle	489.482	18.325	normal
5/20/2026 12:00	EV-PACK-001	376.98	-23	80.54	93.97	36.38	37.93	34.7	312	charge	490.927	17.878	normal
5/20/2026 12:10	EV-PACK-001	374.13	-36.36	80.58	93.94	37.18	41.25	35.71	312	charge	493.194	17.99	normal
5/20/2026 12:20	EV-PACK-001	376.62	-25.84	80.61	93.99	36.79	39.29	35.92	312	charge	494.816	17.891	normal
5/20/2026 12:30	EV-PACK-001	376.95	1.07	80.61	93.95	35.12	36.99	35.21	312	idle	494.883	17.793	normal
5/20/2026 12:40	EV-PACK-001	377.67	-0.37	80.61	93.99	34.48	37.22	34.08	312	idle	494.907	17.958	normal
5/20/2026 12:50	EV-PACK-001	376.26	-1.87	80.61	93.94	36.51	38.71	34.81	312	idle	495.024	18.204	normal
5/20/2026 13:00	EV-PACK-001	373.6	1.28	80.61	93.99	35.08	37.39	34.71	312	idle	495.104	17.425	normal
5/20/2026 13:10	EV-PACK-001	377.27	1.29	80.61	93.99	35.49	39.87	35.39	312	idle	495.185	18.559	normal
5/20/2026 13:20	EV-PACK-001	377.39	-0.31	80.61	93.98	32.67	35.04	34.11	312	idle	495.204	18.737	normal
5/20/2026 13:30	EV-PACK-001	376.62	1.55	80.61	94	35.58	38.36	35.2	312	idle	495.302	17.766	normal
5/20/2026 13:40	EV-PACK-001	378.18	-1.21	80.61	93.99	35.02	38.24	35.03	312	idle	495.378	18.193	normal
5/20/2026 13:50	EV-PACK-001	377.19	0.92	80.61	93.98	34.79	38.83	34.25	312	idle	495.435	18.703	normal
5/20/2026 14:00	EV-PACK-001	375.49	0.98	80.61	93.99	35.45	47.04	34.42	312	idle	495.497	17.481	overtemp
5/20/2026 14:10	EV-PACK-001	377.03	-0.41	80.61	93.97	35.57	46.83	34.61	312	idle	495.523	17.758	overtemp
5/20/2026 14:20	EV-PACK-001	377.96	-0.13	80.61	93.96	32.59	45.29	33.07	312	idle	495.531	17.499	overtemp
5/20/2026 14:30	EV-PACK-001	379.21	1.27	80.61	93.97	33.53	47.76	34.02	312	idle	495.611	18.517	overtemp
5/20/2026 14:40	EV-PACK-001	378.93	0.96	80.61	93.95	32.67	44.46	33.28	312	idle	495.672	18.083	overtemp
5/20/2026 14:50	EV-PACK-001	378.54	1.95	80.61	93.96	32.99	45.8	33.16	312	idle	495.795	18.255	overtemp
5/20/2026 15:00	EV-PACK-001	375.29	1.25	80.61	93.96	34.12	48.87	32.91	312	idle	495.873	18.548	overtemp
5/20/2026 15:10	EV-PACK-001	373.88	-1.01	80.61	93.96	35	37.18	33.93	312	idle	495.936	18.05	normal
5/20/2026 15:20	EV-PACK-001	376.46	0.23	80.61	93.96	33	35.57	32.63	312	idle	495.95	17.847	normal
5/20/2026 15:30	EV-PACK-001	376.91	1.14	80.61	93.96	31.28	35.46	31.55	312	idle	496.021	18.051	normal
5/20/2026 15:40	EV-PACK-001	376.03	-0.66	80.61	94	32.78	34.82	32.36	312	idle	496.063	18.166	normal
5/20/2026 15:50	EV-PACK-001	377.41	-1.63	80.61	93.96	33.07	36.87	32.02	312	idle	496.165	18.356	normal
5/20/2026 16:00	EV-PACK-001	374.09	-1.25	80.61	93.94	30.62	32.8	30.76	312	idle	496.244	17.484	normal
5/20/2026 16:10	EV-PACK-001	376.18	1.53	80.61	93.97	31.9	35.5	30.72	312	idle	496.339	18.206	normal
5/20/2026 16:20	EV-PACK-001	378.01	1.68	80.61	93.97	30.34	32.06	31.15	312	idle	496.445	18.413	normal
5/20/2026 16:30	EV-PACK-001	372.44	1.36	80.61	93.98	30.89	34.79	30.59	312	idle	496.53	18.042	normal
5/20/2026 16:40	EV-PACK-001	376.52	-0.58	80.61	93.99	30.44	32.72	30.36	312	idle	496.566	18.106	normal
5/20/2026 16:50	EV-PACK-001	378.66	0.55	80.61	93.96	28.2	31.77	29.56	312	idle	496.601	17.882	normal
5/20/2026 17:00	EV-PACK-001	379.38	90.83	80.52	94	32.44	36.15	29.36	312	drive	502.344	17.667	normal
5/20/2026 17:10	EV-PACK-001	375.88	110.14	80.41	94	33.48	37.3	29.28	312	drive	509.244	18.796	normal
5/20/2026 17:20	EV-PACK-001	375.11	107.67	80.3	93.99	32.21	34.7	28.79	312	drive	515.976	18.406	normal
5/20/2026 17:30	EV-PACK-001	377.41	63.6	80.23	93.97	31.85	33.44	28.68	312	drive	519.976	17.573	normal
5/20/2026 17:40	EV-PACK-001	377.13	94.77	80.14	93.95	33.68	37.22	29.15	312	drive	525.932	18.32	normal
5/20/2026 17:50	EV-PACK-001	377.36	119.13	80.02	94	32.42	36.36	27.5	312	drive	533.425	17.512	normal
5/20/2026 18:00	EV-PACK-001	377.36	97.02	79.92	93.96	33.24	36.67	28.41	312	drive	539.527	18.01	normal
5/20/2026 18:10	EV-PACK-001	375.14	63.65	79.86	93.96	32.25	35.06	29.01	312	drive	543.507	18.51	normal
5/20/2026 18:20	EV-PACK-001	376.31	78.6	79.78	93.96	31.25	33.88	27.64	312	drive	548.437	18.042	normal
5/20/2026 18:30	EV-PACK-001	375.47	85.67	79.7	93.98	30.09	33.57	26.86	312	drive	553.797	18.389	normal
5/20/2026 18:40	EV-PACK-001	376.37	102.02	79.59	93.99	31.14	33.89	27.06	312	drive	560.197	18.35	normal
5/20/2026 18:50	EV-PACK-001	375.51	134.46	79.46	93.94	33.43	36.3	25.99	312	drive	568.612	18.143	normal
5/20/2026 19:00	EV-PACK-001	374.75	-28.24	79.49	93.94	26.71	28.22	25.87	312	charge	570.376	17.899	normal
5/20/2026 19:10	EV-PACK-001	376.69	-29.87	79.52	93.95	26.4	27.97	26.28	312	charge	572.251	18.263	normal
5/20/2026 19:20	EV-PACK-001	378.21	-24.4	79.54	93.95	28.25	31.58	25.61	312	charge	573.789	18.808	normal
5/20/2026 19:30	EV-PACK-001	373.99	-26.12	79.57	93.97	27.38	30.03	25.81	312	charge	575.417	18.227	normal
5/20/2026 19:40	EV-PACK-001	375.27	-31.37	79.6	93.95	27.93	29.6	25.64	312	charge	577.38	18.28	normal
5/20/2026 19:50	EV-PACK-001	374.62	-24.48	79.62	94	25.98	28.84	24.25	312	charge	578.908	18.014	normal
5/20/2026 20:00	EV-PACK-001	374.34	-21.03	79.64	93.96	27.39	28.91	25.18	312	charge	580.22	18.099	normal
5/20/2026 20:10	EV-PACK-001	376.57	-37.69	79.68	93.94	24.86	27.46	23.79	312	charge	582.586	17.735	normal
5/20/2026 20:20	EV-PACK-001	375.76	-36.89	79.72	93.95	26.36	29.27	24.24	312	charge	584.896	17.858	normal
5/20/2026 20:30	EV-PACK-001	372.32	-20.34	79.74	93.98	22.65	26.59	22.79	312	charge	586.158	17.812	normal
5/20/2026 20:40	EV-PACK-001	376.85	-29.73	79.77	93.98	25.9	30.03	23.65	312	charge	588.026	18.152	normal
5/20/2026 20:50	EV-PACK-001	375.28	-47.4	79.82	93.95	24.82	26.79	23.34	312	charge	590.99	18.033	normal
5/20/2026 21:00	EV-PACK-001	377.28	-23.02	79.84	93.96	23.82	26.95	22.72	312	charge	592.438	18.304	normal
5/20/2026 21:10	EV-PACK-001	375.03	-25.5	79.86	93.97	22.96	24.84	22.14	312	charge	594.032	18.405	normal
5/20/2026 21:20	EV-PACK-001	375.16	-39.62	79.9	93.97	25.33	29.46	22.04	312	charge	596.509	17.391	normal
5/20/2026 21:30	EV-PACK-001	378.68	-38.19	79.94	93.97	24.32	26	23.42	312	charge	598.919	17.845	normal
5/20/2026 21:40	EV-PACK-001	374.97	-43.73	79.99	93.94	24.32	27.46	21.63	312	charge	601.652	18.145	normal
5/20/2026 21:50	EV-PACK-001	377.32	-26.3	80.01	93.91	24.07	28.05	21.94	312	charge	603.306	17.836	normal
5/20/2026 22:00	EV-PACK-001	375.41	-1.66	80.01	93.97	20.53	22.36	21.05	312	idle	603.41	18.442	normal
5/20/2026 22:10	EV-PACK-001	376.36	1.56	80.01	93.99	22.99	25.33	21.64	312	idle	603.508	18.28	normal
5/20/2026 22:20	EV-PACK-001	375.57	-0.7	80.01	93.98	19.09	22.01	21.07	312	idle	603.551	17.757	normal
5/20/2026 22:30	EV-PACK-001	378.94	-0.93	80.01	93.95	20.62	23.25	21.59	312	idle	603.61	18.154	normal
5/20/2026 22:40	EV-PACK-001	378.13	-1.08	80.01	93.99	20.94	24.29	21.44	312	idle	603.678	18.053	normal
5/20/2026 22:50	EV-PACK-001	375.14	-0.48	80.01	93.96	21.41	24.26	21.3	312	idle	603.708	17.828	normal
5/20/2026 23:00	EV-PACK-001	375.88	-1.01	80.01	93.94	22.21	25.66	20.93	312	idle	603.771	18.141	normal
5/20/2026 23:10	EV-PACK-001	378.39	-1.39	80.01	94	21.18	24.48	20.94	312	idle	603.859	18.256	normal
5/20/2026 23:20	EV-PACK-001	375.29	-0.5	80.01	93.98	20.49	22.53	21.08	312	idle	603.891	18.763	normal
5/20/2026 23:30	EV-PACK-001	377.05	1.86	80.01	93.96	22.55	26.66	20.89	312	idle	604.007	17.984	normal
5/20/2026 23:40	EV-PACK-001	375.61	0.44	80.01	93.96	20.65	22.49	20.04	312	idle	604.034	17.958	normal
5/20/2026 23:50	EV-PACK-001	375.17	-0.73	80.01	93.92	20.59	23.73	21.07	312	idle	604.08	18.178	normal
5/21/2026 0:00	EV-PACK-001	376.62	-0.14	80.01	93.98	19.78	22.45	20.39	312	idle	604.089	18.068	normal
5/21/2026 0:10	EV-PACK-001	376.42	1.84	80.01	93.97	20.33	23.86	20.33	312	idle	604.204	17.696	normal
5/21/2026 0:20	EV-PACK-001	376.22	1.75	80.01	93.99	21.57	25.21	21.57	312	idle	604.314	18.043	normal
5/21/2026 0:30	EV-PACK-001	375.28	-1.36	80.01	93.98	21.22	23.54	21	312	idle	604.399	18.21	normal
5/21/2026 0:40	EV-PACK-001	377.51	-0.18	80.01	93.96	20.81	23.94	21.55	312	idle	604.411	18.042	normal
5/21/2026 0:50	EV-PACK-001	375.3	-0.29	80.01	93.97	20.07	21.7	20.6	312	idle	604.429	18.419	normal
5/21/2026 1:00	EV-PACK-001	375.58	-1.77	80.01	94.01	22.56	24.97	22.47	312	idle	604.54	18.196	normal
5/21/2026 1:10	EV-PACK-001	376.33	1.31	80.01	93.95	19.7	23.34	20.9	312	idle	604.622	18.446	normal
5/21/2026 1:20	EV-PACK-001	374.13	0.39	80.01	93.97	22.27	24.33	21.42	312	idle	604.647	17.733	normal
5/21/2026 1:30	EV-PACK-001	377.12	1.66	80.01	93.98	20.42	24.81	21.27	312	idle	604.751	18.112	normal
5/21/2026 1:40	EV-PACK-001	377.42	0.76	80.01	93.99	21.68	23.41	22.27	312	idle	604.799	17.726	normal
5/21/2026 1:50	EV-PACK-001	376.9	0.84	80.01	93.99	20.69	22.31	21.46	312	idle	604.852	18.3	normal
5/21/2026 2:00	EV-PACK-001	377.15	0.03	80.01	93.97	22.01	24.98	21.9	312	idle	604.854	17.822	normal
5/21/2026 2:10	EV-PACK-001	377.18	0.91	80.01	93.96	22.97	25.34	22.7	312	idle	604.911	17.866	normal
5/21/2026 2:20	EV-PACK-001	376.52	0.8	80.01	93.97	22.04	25.2	21.85	312	idle	604.961	18.23	normal
5/21/2026 2:30	EV-PACK-001	376.63	1.05	80.01	93.95	22.19	25.64	22.72	312	idle	605.027	18.267	normal
5/21/2026 2:40	EV-PACK-001	375.23	-1.75	80.01	93.98	21.84	24.4	22.66	312	idle	605.136	18.386	normal
5/21/2026 2:50	EV-PACK-001	380.56	-1.41	80.01	93.97	23.71	26.05	23.83	312	idle	605.226	17.947	normal
5/21/2026 3:00	EV-PACK-001	378.68	1.04	80.01	93.97	23.71	27.63	23.47	312	idle	605.292	17.794	normal
5/21/2026 3:10	EV-PACK-001	374.85	-0.07	80.01	93.95	25.34	28.4	23.2	312	idle	605.296	17.63	normal
5/21/2026 3:20	EV-PACK-001	376.85	1.82	80.01	93.95	24.1	26.56	23.47	312	idle	605.41	18.169	normal
5/21/2026 3:30	EV-PACK-001	374.23	-0.8	80.01	93.96	24.32	26.85	23.43	312	idle	605.46	18.36	normal
5/21/2026 3:40	EV-PACK-001	377.31	1.89	80.01	93.94	24.6	27.57	24.37	312	idle	605.578	18.182	normal
5/21/2026 3:50	EV-PACK-001	376.86	-0.77	80.01	93.95	24.08	25.81	23.49	312	idle	605.626	17.773	normal
5/21/2026 4:00	EV-PACK-001	373.88	-0.65	80.01	93.96	23.69	27.48	24.32	312	idle	605.667	17.714	normal
5/21/2026 4:10	EV-PACK-001	375.71	0.38	80.01	93.99	26.13	29.75	25.3	312	idle	605.69	17.896	normal
5/21/2026 4:20	EV-PACK-001	376.66	-0.7	80.01	93.98	24.65	26.25	24.89	312	idle	605.735	18.164	normal
5/21/2026 4:30	EV-PACK-001	375.92	0.55	80.01	93.97	25.64	27.41	25.05	312	idle	605.769	18.373	normal
5/21/2026 4:40	EV-PACK-001	379.37	0.32	80.01	93.93	25.76	30.16	24.95	312	idle	605.789	18.094	normal
5/21/2026 4:50	EV-PACK-001	375.13	-1.89	80.01	93.93	24.33	26.59	24.97	312	idle	605.908	18.253	normal
5/21/2026 5:00	EV-PACK-001	374.4	0.4	80.01	93.99	26.68	30.99	25.96	312	idle	605.933	18.232	normal
5/21/2026 5:10	EV-PACK-001	374.29	-1.74	80.01	93.97	27.82	29.58	26.86	312	idle	606.041	18.147	normal
5/21/2026 5:20	EV-PACK-001	374.75	0.83	80.01	93.99	25.98	30.03	27.03	312	idle	606.093	18.125	normal
5/21/2026 5:30	EV-PACK-001	377.46	-1.11	80.01	94	26.82	28.4	27.06	312	idle	606.163	17.875	normal
5/21/2026 5:40	EV-PACK-001	376.18	0.1	80.01	93.95	26.08	29.14	26.95	312	idle	606.169	18.553	normal
5/21/2026 5:50	EV-PACK-001	375.96	-1.59	80.01	93.96	27.71	31.6	27.89	312	idle	606.269	18.394	normal
5/21/2026 6:00	EV-PACK-001	373.06	62.63	79.95	93.95	29.82	32.31	27.91	312	drive	610.163	17.437	normal
5/21/2026 6:10	EV-PACK-001	376.97	98.45	79.85	93.98	32.09	34.54	28.11	312	drive	616.348	17.848	normal
5/21/2026 6:20	EV-PACK-001	375.11	85.18	79.77	93.95	30.94	34.38	27.93	312	drive	621.673	18.153	normal
5/21/2026 6:30	EV-PACK-001	376.57	62.9	79.7	93.97	32.38	35.4	29.19	312	drive	625.621	17.938	normal
5/21/2026 6:40	EV-PACK-001	376.94	96.39	79.61	93.97	34.61	38.71	29.49	312	drive	631.677	18.225	normal
5/21/2026 6:50	EV-PACK-001	374.73	114.82	79.49	93.97	34.63	37.45	29.87	312	drive	638.848	18.018	normal
5/21/2026 7:00	EV-PACK-001	374.98	137.93	79.35	93.93	36.03	40.31	30.36	312	drive	647.468	18.303	normal
5/21/2026 7:10	EV-PACK-001	376.26	111.84	79.24	93.96	35.71	38.78	29.95	312	drive	654.482	18.246	normal
5/21/2026 7:20	EV-PACK-001	375	101.27	79.14	93.96	34.59	36.39	30.06	312	drive	660.811	17.952	normal
5/21/2026 7:30	EV-PACK-001	375.62	64.35	79.08	93.98	32.57	35.93	30.54	312	drive	664.84	17.967	normal
5/21/2026 7:40	EV-PACK-001	372.54	128.86	78.95	93.97	37.41	40.12	31.8	312	drive	672.84	18.124	normal
5/21/2026 7:50	EV-PACK-001	375.21	130.28	78.82	93.91	37.3	40.48	30.77	312	drive	680.987	17.968	normal
5/21/2026 8:00	EV-PACK-001	373.05	0.25	78.82	93.97	31.33	32.85	31.19	312	idle	681.003	17.394	normal
5/21/2026 8:10	EV-PACK-001	372.66	-1.84	78.82	93.96	31.4	33.91	31.3	312	idle	681.117	18.163	normal
5/21/2026 8:20	EV-PACK-001	372.37	1.29	78.82	93.97	31.48	32.98	31.89	312	idle	681.197	17.889	normal
5/21/2026 8:30	EV-PACK-001	374.16	1.75	78.82	93.95	32.38	36.26	32.12	312	idle	681.306	18.635	normal
5/21/2026 8:40	EV-PACK-001	374.55	-0.85	78.82	93.94	32.1	35.46	32.46	312	idle	681.359	17.919	normal
5/21/2026 8:50	EV-PACK-001	373.01	-0.24	78.82	93.96	32.34	35.07	31.87	312	idle	681.374	17.801	normal
5/21/2026 9:00	EV-PACK-001	375.18	1.64	78.82	93.93	32.75	35.58	32.02	312	idle	681.476	18.388	normal
5/21/2026 9:10	EV-PACK-001	377.09	0.8	78.82	93.96	32.97	35.96	32.54	312	idle	681.527	17.609	normal
5/21/2026 9:20	EV-PACK-001	374.78	0.44	78.82	93.96	32	35.65	32.26	312	idle	681.554	18.092	normal
5/21/2026 9:30	EV-PACK-001	376.42	-0.34	78.82	93.94	34.05	37.48	34.03	312	idle	681.576	18.392	normal
5/21/2026 9:40	EV-PACK-001	375.15	1.24	78.82	93.93	35.62	39.99	35.14	312	idle	681.653	18.311	normal
5/21/2026 9:50	EV-PACK-001	374.74	1.68	78.82	93.96	33.66	35.67	34.61	312	idle	681.758	17.878	normal
5/21/2026 10:00	EV-PACK-001	377.56	1.47	78.82	93.98	34.02	37.04	33.92	312	idle	681.851	17.961	normal
5/21/2026 10:10	EV-PACK-001	376.05	1.35	78.82	93.97	33.67	35.22	34.04	312	idle	681.935	17.599	normal
5/21/2026 10:20	EV-PACK-001	376.77	1.18	78.82	93.96	34.69	36.65	35.31	312	idle	682.009	17.791	normal
5/21/2026 10:30	EV-PACK-001	372.46	1.54	78.82	94	33.87	36.78	34.85	312	idle	682.105	18.221	normal
5/21/2026 10:40	EV-PACK-001	376.71	1.41	78.82	93.98	36.07	38.6	35.26	312	idle	682.194	17.983	normal
5/21/2026 10:50	EV-PACK-001	375.5	-0.01	78.82	93.96	33.24	36.28	34.95	312	idle	682.194	18.415	normal
5/21/2026 11:00	EV-PACK-001	376.04	-1.26	78.82	93.98	35.62	39.7	34.51	312	idle	682.273	18.399	normal
5/21/2026 11:10	EV-PACK-001	374.23	1.05	78.82	93.97	34.04	36.88	34.97	312	idle	682.338	17.99	normal
5/21/2026 11:20	EV-PACK-001	376.09	-0.97	78.82	93.96	36.52	40.32	35.61	312	idle	682.399	18.253	normal
5/21/2026 11:30	EV-PACK-001	372.8	1.66	78.82	93.97	35.81	38.76	35.6	312	idle	682.503	18.02	normal
5/21/2026 11:40	EV-PACK-001	375.35	-0.69	78.82	93.97	34.16	35.8	35.25	312	idle	682.546	18.397	normal
5/21/2026 11:50	EV-PACK-001	374.49	-0.85	78.82	93.96	34.89	37.05	34.84	312	idle	682.599	17.857	normal
5/21/2026 12:00	EV-PACK-001	373.23	-27.39	78.85	93.93	37.33	40.8	34.84	312	charge	684.303	17.678	normal
5/21/2026 12:10	EV-PACK-001	374.38	-38.08	78.88	93.93	37.7	39.68	34.94	312	charge	686.679	18.217	normal
5/21/2026 12:20	EV-PACK-001	375.99	-28.33	78.91	93.96	36.07	39.57	35.44	312	charge	688.454	18.181	normal
5/21/2026 12:30	EV-PACK-001	373.72	0.57	78.91	93.97	36.45	40.85	35.14	312	idle	688.489	17.847	normal
5/21/2026 12:40	EV-PACK-001	376.24	-1.75	78.91	93.96	33.24	37.15	34.52	312	idle	688.599	18	normal
5/21/2026 12:50	EV-PACK-001	373.45	1.26	78.91	93.96	35.67	39.44	35.04	312	idle	688.678	17.699	normal
5/21/2026 13:00	EV-PACK-001	375.77	1.44	78.91	93.97	34.56	36.99	35.45	312	idle	688.768	18.331	normal
5/21/2026 13:10	EV-PACK-001	374.59	-1.37	78.91	93.96	34.64	36.78	35.07	312	idle	688.853	18.178	normal
5/21/2026 13:20	EV-PACK-001	375.66	-1.04	78.91	93.97	36.55	38.43	34.86	312	idle	688.918	18.058	normal
5/21/2026 13:30	EV-PACK-001	375	0.44	78.91	93.99	34.86	38.74	35.48	312	idle	688.946	18.061	normal
5/21/2026 13:40	EV-PACK-001	374.13	-0.89	78.91	93.92	37.28	39.29	35.24	312	idle	689.001	17.905	normal
5/21/2026 13:50	EV-PACK-001	378.32	-1.62	78.91	93.98	33.87	37.21	34.91	312	idle	689.103	18.098	normal
5/21/2026 14:00	EV-PACK-001	375.87	-1.63	78.91	93.95	33.28	36.05	33.24	312	idle	689.206	17.847	normal
5/21/2026 14:10	EV-PACK-001	374.89	-0.28	78.91	93.94	32.2	35.42	33.67	312	idle	689.223	18.434	normal
5/21/2026 14:20	EV-PACK-001	375.19	-0.67	78.91	93.96	33.44	37.14	33.91	312	idle	689.265	18.393	normal
5/21/2026 14:30	EV-PACK-001	373.31	1.02	78.91	93.98	35.59	39.28	34.56	312	idle	689.329	18.295	normal
5/21/2026 14:40	EV-PACK-001	374.44	0.55	78.91	93.96	32.03	34.82	33.04	312	idle	689.363	18.478	normal
5/21/2026 14:50	EV-PACK-001	377.19	-1	78.91	93.93	32.46	36.77	32.49	312	idle	689.426	17.995	normal
5/21/2026 15:00	EV-PACK-001	376.75	-1.33	78.91	93.98	33.76	37.44	33.66	312	idle	689.51	18.155	normal
5/21/2026 15:10	EV-PACK-001	375.22	-1.24	78.91	93.96	32.96	34.73	33.09	312	idle	689.588	17.806	normal
5/21/2026 15:20	EV-PACK-001	374.05	-0.76	78.91	93.96	32.79	35.83	32.51	312	idle	689.635	17.603	normal
5/21/2026 15:30	EV-PACK-001	374.9	-0.62	78.91	93.92	32.13	36.41	31.71	312	idle	689.674	18.248	normal
5/21/2026 15:40	EV-PACK-001	373.12	-1.65	78.91	93.95	31.9	35.77	31.33	312	idle	689.777	18.102	normal
5/21/2026 15:50	EV-PACK-001	374.02	0.52	78.91	93.97	31.23	34.77	32.04	312	idle	689.809	17.715	normal
5/21/2026 16:00	EV-PACK-001	375.77	0.82	78.91	93.98	32.78	37.17	32.81	312	idle	689.86	17.682	normal
5/21/2026 16:10	EV-PACK-001	374.45	-1.1	78.91	93.94	30.04	34.42	30.84	312	idle	689.929	18.064	normal
5/21/2026 16:20	EV-PACK-001	375.48	-1.11	78.91	93.96	30.45	32.41	30.59	312	idle	689.998	18.258	normal
5/21/2026 16:30	EV-PACK-001	375.7	1.11	78.91	93.94	30.47	32.02	30.54	312	idle	690.068	17.844	normal
5/21/2026 16:40	EV-PACK-001	375.38	-1.92	78.91	93.98	31.09	34.48	30.78	312	idle	690.188	18.288	normal
5/21/2026 16:50	EV-PACK-001	376.77	-1.45	78.91	93.96	30.81	33.6	30.56	312	idle	690.279	18.164	normal
5/21/2026 17:00	EV-PACK-001	378.82	114.87	78.8	93.95	34.31	37.7	29.44	312	drive	697.532	17.946	normal
5/21/2026 17:10	EV-PACK-001	373.72	103.6	78.69	93.97	33.68	37.99	30.29	312	drive	703.984	17.567	normal
5/21/2026 17:20	EV-PACK-001	371.82	93.1	78.6	93.95	35.52	38.34	30.62	312	drive	709.754	18.47	normal
5/21/2026 17:30	EV-PACK-001	375.36	82.64	78.52	93.93	32.13	35.59	28.6	312	drive	714.924	18.02	normal
5/21/2026 17:40	EV-PACK-001	373.46	78.9	78.44	93.96	32.97	35.3	28.81	312	drive	719.835	18.257	normal
5/21/2026 17:50	EV-PACK-001	374.7	77.59	78.36	93.93	33.12	36.74	28.89	312	drive	724.68	17.948	normal
5/21/2026 18:00	EV-PACK-001	375.53	114.07	78.25	93.96	32.59	35.07	28.21	312	drive	731.82	18.218	normal
5/21/2026 18:10	EV-PACK-001	371	97.36	78.15	93.93	30.38	32.21	26.75	312	drive	737.84	18.628	normal
5/21/2026 18:20	EV-PACK-001	376.38	60.15	78.09	93.95	29.54	32.29	27.23	312	drive	741.614	18.545	normal
5/21/2026 18:30	EV-PACK-001	373.33	97.09	77.99	93.96	30.49	34.54	27.45	312	drive	747.655	18.333	normal
5/21/2026 18:40	EV-PACK-001	373.12	113.07	77.88	93.94	31.95	36.23	26.62	312	drive	754.686	17.293	normal
5/21/2026 18:50	EV-PACK-001	373.98	70.68	77.81	93.95	29.96	33.89	26.56	312	drive	759.092	17.923	normal
5/21/2026 19:00	EV-PACK-001	373.33	-44.39	77.85	93.98	28.91	32.87	26.76	312	charge	761.853	17.991	normal
5/21/2026 19:10	EV-PACK-001	373.15	-31.59	77.88	93.96	27.67	30.73	26.51	312	charge	763.818	18.338	normal
5/21/2026 19:20	EV-PACK-001	372.04	-26.54	77.91	93.99	28.63	32.9	25.72	312	charge	765.464	17.849	normal
5/21/2026 19:30	EV-PACK-001	373.34	-44.86	77.96	93.95	27.23	30.32	25.46	312	charge	768.255	17.667	normal
5/21/2026 19:40	EV-PACK-001	373.72	-34.91	77.99	93.97	24.89	28.34	25.19	312	charge	770.429	18.904	normal
5/21/2026 19:50	EV-PACK-001	372.51	-25.57	78.02	93.92	24.43	26.46	24.36	312	charge	772.017	18.109	normal
5/21/2026 20:00	EV-PACK-001	373.06	-46.27	78.06	93.93	26.32	30.7	23.93	312	charge	774.894	18.296	normal
5/21/2026 20:10	EV-PACK-001	372.08	-37.8	78.1	93.97	27.1	28.91	25.06	312	charge	777.238	18.177	normal
5/21/2026 20:20	EV-PACK-001	373.03	-40.84	78.14	93.93	24.86	26.63	23.99	312	charge	779.778	18.203	normal
5/21/2026 20:30	EV-PACK-001	374.27	-48.62	78.19	93.98	25.7	27.79	23.9	312	charge	782.81	18.18	normal
5/21/2026 20:40	EV-PACK-001	372.39	-24.18	78.21	93.93	23.88	25.64	23.12	312	charge	784.311	17.865	normal
5/21/2026 20:50	EV-PACK-001	372.31	-31.16	78.25	93.99	24.47	27.37	22.56	312	charge	786.245	17.672	normal
5/21/2026 21:00	EV-PACK-001	374.9	-32.69	78.28	93.92	24.73	26.95	22.73	312	charge	788.287	18.014	normal
5/21/2026 21:10	EV-PACK-001	372.4	-30.19	78.31	94	24.59	27.16	24.06	312	charge	790.161	18.489	normal
5/21/2026 21:20	EV-PACK-001	370.65	-25.52	78.33	93.96	23.35	25.34	22.4	312	charge	791.738	17.888	normal
5/21/2026 21:30	EV-PACK-001	373.58	-47.89	78.38	93.97	23.92	27.06	22.64	312	charge	794.72	18.087	normal
5/21/2026 21:40	EV-PACK-001	371.96	-41.64	78.42	93.96	23.93	26.37	22.66	312	charge	797.301	18.31	normal
5/21/2026 21:50	EV-PACK-001	374.47	-39.56	78.46	93.98	25.39	29.6	22.65	312	charge	799.77	18.104	normal
5/21/2026 22:00	EV-PACK-001	372.9	0.18	78.46	93.98	22.57	26.61	22	312	idle	799.782	18.069	normal
5/21/2026 22:10	EV-PACK-001	374.1	1.01	78.46	93.95	20.27	23.21	20.81	312	idle	799.845	18.064	normal
5/21/2026 22:20	EV-PACK-001	373.02	0.87	78.46	93.98	22.49	25.64	21.67	312	idle	799.899	17.836	normal
5/21/2026 22:30	EV-PACK-001	373.47	-0.83	78.46	93.93	22.05	25.95	22.2	312	idle	799.95	17.786	normal
5/21/2026 22:40	EV-PACK-001	371.81	0.34	78.46	93.94	21.3	23.65	21.11	312	idle	799.972	18.595	normal
5/21/2026 22:50	EV-PACK-001	373.77	-0.43	78.46	93.95	22.09	24.11	21.47	312	idle	799.998	18.183	normal
5/21/2026 23:00	EV-PACK-001	372.95	0.3	78.46	93.98	20.58	23.18	21.06	312	idle	800.017	18.217	normal
5/21/2026 23:10	EV-PACK-001	372.6	0.16	78.46	93.94	20.48	23.83	20.71	312	idle	800.027	18.266	normal
5/21/2026 23:20	EV-PACK-001	373.18	1.06	78.46	93.96	20.66	22.82	21.61	312	idle	800.093	18.354	normal
5/21/2026 23:30	EV-PACK-001	373.69	0.75	78.46	93.98	21.96	25.43	22.18	312	idle	800.139	17.834	normal
5/21/2026 23:40	EV-PACK-001	375.19	-1.62	78.46	93.98	22.66	26.9	21.21	312	idle	800.24	18.052	normal
5/21/2026 23:50	EV-PACK-001	374.16	1.08	78.46	93.92	21.7	24	21.49	312	idle	800.308	17.679	normal
5/22/2026 0:00	EV-PACK-001	373.19	-0.07	78.46	93.93	21.07	25.23	20.56	312	idle	800.312	18.145	normal
5/22/2026 0:10	EV-PACK-001	375.05	0.08	78.46	93.95	20.2	24.43	20.78	312	idle	800.317	18.746	normal
5/22/2026 0:20	EV-PACK-001	374.29	0.04	78.46	93.93	20.56	23.57	20.68	312	idle	800.319	17.653	normal
5/22/2026 0:30	EV-PACK-001	373.31	-0.44	78.46	93.95	20.86	23.51	20.99	312	idle	800.347	18.353	normal
5/22/2026 0:40	EV-PACK-001	375.01	0.76	78.46	93.97	21.64	23.89	21.31	312	idle	800.394	17.97	normal
5/22/2026 0:50	EV-PACK-001	374.01	0.32	78.46	93.94	21.73	23.45	21.52	312	idle	800.414	17.891	normal
5/22/2026 1:00	EV-PACK-001	372.92	-0.88	78.46	93.95	21.31	24.73	21.33	312	idle	800.469	17.422	normal
5/22/2026 1:10	EV-PACK-001	376.28	0.15	78.46	93.94	20.28	23.9	21.25	312	idle	800.478	17.303	normal
5/22/2026 1:20	EV-PACK-001	375.82	0.22	78.46	93.97	21.92	25.38	21.22	312	idle	800.492	17.976	normal
5/22/2026 1:30	EV-PACK-001	371.58	0.8	78.46	93.95	21.21	25.13	21.52	312	idle	800.541	18.77	normal
5/22/2026 1:40	EV-PACK-001	374.98	-0.03	78.46	93.96	19.86	23.02	21.27	312	idle	800.543	18.333	normal
5/22/2026 1:50	EV-PACK-001	374.41	-1.53	78.46	93.97	21.13	22.93	21.68	312	idle	800.639	17.982	normal
5/22/2026 2:00	EV-PACK-001	376.36	0.46	78.46	93.94	20.77	22.84	20.73	312	idle	800.667	18.255	normal
5/22/2026 2:10	EV-PACK-001	373.24	0.8	78.46	93.94	23.31	25.15	22.37	312	idle	800.717	17.876	normal
5/22/2026 2:20	EV-PACK-001	372.66	-1.72	78.46	93.97	22.31	24.35	21.94	312	idle	800.823	18.061	normal
5/22/2026 2:30	EV-PACK-001	372.69	-1.13	78.46	93.95	23.16	25.19	22.29	312	idle	800.893	18.193	normal
5/22/2026 2:40	EV-PACK-001	376.23	-1.87	78.46	93.95	22.36	24.06	22.11	312	idle	801.011	18.18	normal
5/22/2026 2:50	EV-PACK-001	373.58	0.62	78.46	93.99	25.73	28.66	24.57	312	idle	801.049	18.117	normal
5/22/2026 3:00	EV-PACK-001	373.56	1.42	78.46	93.94	24.22	28.12	22.99	312	idle	801.138	17.837	normal
5/22/2026 3:10	EV-PACK-001	376.16	0.12	78.46	93.93	23.84	25.43	22.99	312	idle	801.145	17.689	normal
5/22/2026 3:20	EV-PACK-001	373.82	1.84	78.46	93.95	24.09	28.04	23.77	312	idle	801.26	17.781	normal
5/22/2026 3:30	EV-PACK-001	375.07	1.26	78.46	93.94	24.11	28.6	23.99	312	idle	801.339	17.824	normal
5/22/2026 3:40	EV-PACK-001	374.77	-1.15	78.46	93.98	23.77	27.84	23.45	312	idle	801.411	17.853	normal
5/22/2026 3:50	EV-PACK-001	377.69	-0.58	78.46	93.95	24.28	28.47	24.28	312	idle	801.447	18.209	normal
5/22/2026 4:00	EV-PACK-001	375.66	1.98	78.46	93.98	24.88	26.58	24.14	312	idle	801.571	17.788	normal
5/22/2026 4:10	EV-PACK-001	371.7	-0.39	78.46	93.91	22.73	25.83	24.35	312	idle	801.595	17.847	normal
5/22/2026 4:20	EV-PACK-001	376.24	1.99	78.46	93.97	25.2	27.07	25.31	312	idle	801.72	18.356	normal
5/22/2026 4:30	EV-PACK-001	374.61	0.51	78.46	93.98	25.62	27.89	25.15	312	idle	801.751	18.054	normal
5/22/2026 4:40	EV-PACK-001	376.73	1.15	78.46	94.02	25.95	29.93	26.21	312	idle	801.824	18.253	normal
5/22/2026 4:50	EV-PACK-001	374.78	-1.19	78.46	93.97	25.67	29.39	25.3	312	idle	801.898	17.89	normal
5/22/2026 5:00	EV-PACK-001	372.71	1.76	78.46	93.96	27.97	32	26.77	312	idle	802.008	18.27	normal
5/22/2026 5:10	EV-PACK-001	375.12	0.05	78.46	93.93	26.62	28.5	26.6	312	idle	802.01	17.754	normal
5/22/2026 5:20	EV-PACK-001	374.49	1.8	78.46	93.94	26.32	29.38	26.26	312	idle	802.123	18.241	normal
5/22/2026 5:30	EV-PACK-001	373.51	0.62	78.46	93.97	28.23	31.81	27.82	312	idle	802.161	17.853	normal
5/22/2026 5:40	EV-PACK-001	376.42	0.97	78.46	93.94	26.27	29.75	26.52	312	idle	802.222	18.426	normal
5/22/2026 5:50	EV-PACK-001	373.44	0.36	78.46	93.95	27.51	29.86	28.13	312	idle	802.244	18.438	normal
5/22/2026 6:00	EV-PACK-001	374.62	107.24	78.36	93.97	33.67	35.75	27.36	312	drive	808.94	17.975	normal
5/22/2026 6:10	EV-PACK-001	372.49	85.61	78.27	93.94	33.16	37.19	28.19	312	drive	814.255	18.331	normal
5/22/2026 6:20	EV-PACK-001	372.71	117.61	78.15	93.94	33.15	36.93	28.4	312	drive	821.561	18.216	normal
5/22/2026 6:30	EV-PACK-001	375.59	95.13	78.06	93.94	32.47	34.44	28.13	312	drive	827.515	18.013	normal
5/22/2026 6:40	EV-PACK-001	372.93	61.55	78	93.95	33.7	36.99	30.05	312	drive	831.341	17.913	normal
5/22/2026 6:50	EV-PACK-001	376.64	73.07	77.92	93.95	33.07	36.8	29.52	312	drive	835.929	18.19	normal
5/22/2026 7:00	EV-PACK-001	373.39	61.12	77.86	93.93	32.54	34.96	29.83	312	drive	839.732	17.929	normal
5/22/2026 7:10	EV-PACK-001	373.46	107.38	77.75	93.94	35.25	37.17	31.62	312	drive	846.415	17.812	normal
5/22/2026 7:20	EV-PACK-001	374	132.16	77.62	93.98	35.45	38.67	30.92	312	drive	854.653	17.735	normal
5/22/2026 7:30	EV-PACK-001	371.76	83.71	77.54	93.95	35.08	37.52	31.19	312	drive	859.84	18.101	normal
5/22/2026 7:40	EV-PACK-001	372.81	96.64	77.44	93.93	33.9	37.06	29.94	312	drive	865.845	18.2	normal
5/22/2026 7:50	EV-PACK-001	373.57	112.27	77.33	93.92	35	37.5	30.1	312	drive	872.835	18.119	normal
5/22/2026 8:00	EV-PACK-001	374.06	1.3	77.33	93.96	30.75	33.24	30.99	312	idle	872.916	18.679	normal
5/22/2026 8:10	EV-PACK-001	371.9	-1.34	77.33	93.95	30.24	32.45	31.93	312	idle	872.999	18.227	normal
5/22/2026 8:20	EV-PACK-001	370.46	-1.84	77.33	93.97	31.56	34.67	31.95	312	idle	873.113	18.625	normal
5/22/2026 8:30	EV-PACK-001	372.6	-0.16	77.33	93.96	30.79	33.01	31.16	312	idle	873.123	18.677	normal
5/22/2026 8:40	EV-PACK-001	373.88	-1.55	77.33	93.92	32.5	35.58	32.74	312	idle	873.219	18.277	normal
5/22/2026 8:50	EV-PACK-001	374.72	-0.91	77.33	93.96	32.71	35.69	33.53	312	idle	873.277	17.745	normal
5/22/2026 9:00	EV-PACK-001	371.27	-0.18	77.33	93.94	31.98	33.87	32.98	312	idle	873.288	17.954	normal
5/22/2026 9:10	EV-PACK-001	374.7	1.03	77.33	93.92	33.55	36.6	33.93	312	idle	873.352	18.077	normal
5/22/2026 9:20	EV-PACK-001	373.92	-0.8	77.33	93.97	33.51	37.3	34.08	312	idle	873.401	17.834	normal
5/22/2026 9:30	EV-PACK-001	374.83	1.09	77.33	93.94	34.68	37.86	33.71	312	idle	873.47	17.668	normal
5/22/2026 9:40	EV-PACK-001	373.05	0.2	77.33	93.95	32.13	35.59	33.23	312	idle	873.482	17.646	normal
5/22/2026 9:50	EV-PACK-001	373.36	0.66	77.33	93.97	34.63	36.28	33.08	312	idle	873.524	17.968	normal
5/22/2026 10:00	EV-PACK-001	373.3	-0.58	77.33	93.95	31.66	33.92	33.36	312	idle	873.56	17.789	normal
5/22/2026 10:10	EV-PACK-001	372.82	0.73	77.33	93.94	34.82	37.07	33.67	312	idle	873.605	17.864	normal
5/22/2026 10:20	EV-PACK-001	373.68	-1.9	77.33	93.94	35.73	37.96	33.67	312	idle	873.724	18.015	normal
5/22/2026 10:30	EV-PACK-001	372.72	0.64	77.33	93.96	35.47	38.63	34.57	312	idle	873.764	18.391	normal
5/22/2026 10:40	EV-PACK-001	376.44	-1.35	77.33	93.98	33.98	36.05	34.57	312	idle	873.848	17.87	normal
5/22/2026 10:50	EV-PACK-001	373.56	-1.7	77.33	93.96	35.4	39.45	35.12	312	idle	873.954	18.323	normal
5/22/2026 11:00	EV-PACK-001	373.44	0.02	77.33	93.98	35.05	39.2	34.87	312	idle	873.955	17.903	normal
5/22/2026 11:10	EV-PACK-001	372.32	-1.19	77.33	93.93	35.77	38.57	34.31	312	idle	874.029	17.875	normal
5/22/2026 11:20	EV-PACK-001	372.08	0.49	77.33	93.92	33.36	36.81	35.06	312	idle	874.06	17.946	normal
5/22/2026 11:30	EV-PACK-001	373.99	-1.13	77.33	93.93	34.97	39.07	35.48	312	idle	874.13	18.321	normal
5/22/2026 11:40	EV-PACK-001	372.4	-0.71	77.33	93.95	34.41	37.56	34.51	312	idle	874.174	17.872	normal
5/22/2026 11:50	EV-PACK-001	372.56	1.75	77.33	93.96	35.32	37.15	35.47	312	idle	874.283	17.779	normal
5/22/2026 12:00	EV-PACK-001	374.39	-28.19	77.36	93.93	35.25	37.56	34.93	312	charge	876.042	18.153	normal
5/22/2026 12:10	EV-PACK-001	373.31	-40.69	77.4	93.96	38.98	41.08	35.71	312	charge	878.574	18.094	normal
5/22/2026 12:20	EV-PACK-001	371.25	-28.19	77.43	93.91	36.34	38.48	34.52	312	charge	880.318	18.178	normal
5/22/2026 12:30	EV-PACK-001	372.94	1.21	77.43	93.93	32.36	36.47	34.46	312	idle	880.393	18.138	normal
5/22/2026 12:40	EV-PACK-001	371.88	-1.38	77.43	93.96	35.74	38.6	35.39	312	idle	880.478	18.584	normal
5/22/2026 12:50	EV-PACK-001	371.03	1.24	77.43	93.94	35.64	38.06	35.07	312	idle	880.555	18.193	normal
5/22/2026 13:00	EV-PACK-001	368.3	-1.43	77.43	93.95	35.22	36.95	35.01	312	idle	880.643	18.231	normal
5/22/2026 13:10	EV-PACK-001	370.9	1.99	77.43	93.96	35.84	38.69	35.5	312	idle	880.766	18.411	normal
5/22/2026 13:20	EV-PACK-001	372.2	-1.02	77.43	93.95	34.78	37.48	34.13	312	idle	880.829	18.338	normal
5/22/2026 13:30	EV-PACK-001	373.61	0.1	77.43	93.94	35.52	38.35	35.11	312	idle	880.836	17.586	normal
5/22/2026 13:40	EV-PACK-001	373.27	-1.65	77.43	93.96	34.61	37.15	34.77	312	idle	880.939	18.207	normal
5/22/2026 13:50	EV-PACK-001	373.41	1.6	77.43	93.95	35.66	38.19	34.64	312	idle	881.038	18.321	normal
5/22/2026 14:00	EV-PACK-001	372.74	-0.21	77.43	93.92	34.2	37.53	34.04	312	idle	881.052	18.487	normal
5/22/2026 14:10	EV-PACK-001	375.9	-0.96	77.43	93.98	33.39	35.84	33.69	312	idle	881.112	17.933	normal
5/22/2026 14:20	EV-PACK-001	377.01	1.64	77.43	93.95	32.87	34.52	32.33	312	idle	881.215	18.086	normal
5/22/2026 14:30	EV-PACK-001	373.49	-1.1	77.43	93.93	33.59	35.31	33.98	312	idle	881.283	17.889	normal
5/22/2026 14:40	EV-PACK-001	371.57	1.48	77.43	93.88	31.61	34.7	32.48	312	idle	881.375	17.739	normal
5/22/2026 14:50	EV-PACK-001	372	0.18	77.43	93.95	33.86	35.56	32.64	312	idle	881.386	18.363	normal
5/22/2026 15:00	EV-PACK-001	372.82	1.69	77.43	93.93	32.39	34.71	32.93	312	idle	881.491	18.028	normal
5/22/2026 15:10	EV-PACK-001	372.24	0.84	77.43	93.95	33.38	34.89	33.23	312	idle	881.543	17.839	normal
5/22/2026 15:20	EV-PACK-001	370.48	-0.28	77.43	94	31.91	35.38	32.19	312	idle	881.56	17.891	normal
5/22/2026 15:30	EV-PACK-001	374.11	0.34	77.43	93.94	34.2	36.66	32.7	312	idle	881.581	17.331	normal
5/22/2026 15:40	EV-PACK-001	373.33	-1.93	77.43	93.93	33.44	35.89	32.29	312	idle	881.701	18.339	normal
5/22/2026 15:50	EV-PACK-001	373.06	1.37	77.43	93.93	30.78	32.9	31.21	312	idle	881.786	17.905	normal
5/22/2026 16:00	EV-PACK-001	372.62	0.92	77.43	93.95	30.43	33.23	30.86	312	idle	881.843	18.188	normal
5/22/2026 16:10	EV-PACK-001	373.45	0.03	77.43	93.95	31.44	32.98	30.86	312	idle	881.845	18.424	normal
5/22/2026 16:20	EV-PACK-001	370.19	0.21	77.43	93.95	31.58	35.07	31.35	312	idle	881.858	18.273	normal
5/22/2026 16:30	EV-PACK-001	373.74	-1.28	77.43	93.93	30.9	35.13	30.5	312	idle	881.938	18.433	normal
5/22/2026 16:40	EV-PACK-001	374.22	0.96	77.43	93.89	29.86	31.58	30.1	312	idle	881.998	18.147	normal
5/22/2026 16:50	EV-PACK-001	372.38	1.52	77.43	93.93	29.92	32.7	29.65	312	idle	882.092	18.004	normal
5/22/2026 17:00	EV-PACK-001	372.54	112.47	77.31	93.94	34.8	36.91	29.97	312	drive	889.076	17.429	normal
5/22/2026 17:10	EV-PACK-001	374.05	66.94	77.25	93.94	33.18	36.57	29.51	312	drive	893.249	18.02	normal
5/22/2026 17:20	EV-PACK-001	372.26	130.9	77.12	93.93	35.26	38.74	29.16	312	drive	901.37	17.732	normal
5/22/2026 17:30	EV-PACK-001	372.8	95.4	77.02	93.93	32.74	34.97	28.04	312	drive	907.298	18.637	normal
5/22/2026 17:40	EV-PACK-001	370.82	104.35	76.92	93.95	32.95	35.62	28.69	312	drive	913.747	18.959	normal
5/22/2026 17:50	EV-PACK-001	372.72	108.21	76.81	93.98	33.19	37.22	29.11	312	drive	920.47	17.652	normal
5/22/2026 18:00	EV-PACK-001	374.76	139.98	71.67	93.96	34.13	36.95	28.1	312	drive	929.212	18.031	low_soc
5/22/2026 18:10	EV-PACK-001	365.8	77.67	66.59	93.93	30.79	34.67	27.27	312	drive	933.948	18.47	low_soc
5/22/2026 18:20	EV-PACK-001	357.42	130.27	61.46	93.96	32.35	36.49	27.55	312	drive	941.708	18.696	low_soc
5/22/2026 18:30	EV-PACK-001	354.77	69.65	56.39	93.95	29.28	33.6	26.22	312	drive	945.826	17.838	low_soc
5/22/2026 18:40	EV-PACK-001	346.87	133.63	51.26	93.96	33.24	35.57	27.21	312	drive	953.552	18.098	low_soc
5/22/2026 18:50	EV-PACK-001	344.38	77.29	46.18	93.95	29.25	31.61	26.25	312	drive	957.988	18.083	low_soc
5/22/2026 19:00	EV-PACK-001	335.39	-27.53	41.21	93.94	27.37	29.96	25.99	312	charge	959.526	18.667	low_soc
5/22/2026 19:10	EV-PACK-001	328.8	-45.75	41.25	93.96	27.71	32.16	26.19	312	charge	962.034	17.927	normal
5/22/2026 19:20	EV-PACK-001	329.19	-43.49	41.3	93.91	28.26	30.45	25.28	312	charge	964.42	17.708	normal
5/22/2026 19:30	EV-PACK-001	327.17	-26.83	41.32	93.97	25.4	27.63	24.78	312	charge	965.883	17.798	normal
5/22/2026 19:40	EV-PACK-001	328.11	-24.77	41.35	93.96	25.13	27.34	25.24	312	charge	967.238	18.09	normal
5/22/2026 19:50	EV-PACK-001	328.54	-20.93	41.37	93.99	26.18	27.89	25.22	312	charge	968.384	18.043	normal
5/22/2026 20:00	EV-PACK-001	331.5	-32.36	41.4	93.94	23.9	27.84	23.62	312	charge	970.172	17.945	normal
5/22/2026 20:10	EV-PACK-001	330.72	-29.32	41.43	93.93	25.17	27.67	23.44	312	charge	971.788	18.13	normal
5/22/2026 20:20	EV-PACK-001	329.89	-23.09	41.45	93.92	23.91	27.52	23.82	312	charge	973.058	17.698	normal
5/22/2026 20:30	EV-PACK-001	331.18	-25.05	41.48	93.93	24.81	28.15	23.22	312	charge	974.44	17.774	normal
5/22/2026 20:40	EV-PACK-001	329.39	-25	41.5	93.98	25.11	28.94	23.64	312	charge	975.813	18.172	normal
5/22/2026 20:50	EV-PACK-001	330.68	-27.05	41.53	93.93	23.23	26.91	23.18	312	charge	977.304	17.854	normal
5/22/2026 21:00	EV-PACK-001	331.76	-34.6	41.57	93.95	24.81	29.07	23.01	312	charge	979.217	17.48	normal
5/22/2026 21:10	EV-PACK-001	333.09	-39.05	41.61	93.93	25.6	28.07	22.85	312	charge	981.385	17.816	normal
5/22/2026 21:20	EV-PACK-001	330.73	-45.55	41.65	93.95	24.93	28.27	22.59	312	charge	983.895	18.464	normal
5/22/2026 21:30	EV-PACK-001	330.46	-46.54	41.7	93.95	24.45	26.41	21.58	312	charge	986.458	18.353	normal
5/22/2026 21:40	EV-PACK-001	331.78	-49.97	41.75	93.97	24.81	26.79	21.61	312	charge	989.221	18.554	normal
5/22/2026 21:50	EV-PACK-001	332.74	-36.76	41.78	93.95	24.52	26.85	22.44	312	charge	991.26	17.905	normal
5/22/2026 22:00	EV-PACK-001	328.71	-1.78	41.78	93.93	21.48	23.88	21.1	312	idle	991.357	18.026	normal
5/22/2026 22:10	EV-PACK-001	332.22	0.49	41.78	93.97	22.02	25.03	21.71	312	idle	991.385	18.359	normal
5/22/2026 22:20	EV-PACK-001	327.41	0.02	41.78	93.9	22.14	25.1	21.24	312	idle	991.386	18.13	normal
5/22/2026 22:30	EV-PACK-001	329.15	-1.3	41.78	93.93	22.4	24.05	21.84	312	idle	991.457	17.959	normal
5/22/2026 22:40	EV-PACK-001	328.48	-0.33	41.78	93.92	21.23	23.97	21.49	312	idle	991.476	18.053	normal
5/22/2026 22:50	EV-PACK-001	329.47	1.98	41.78	93.97	21.41	24.84	21.82	312	idle	991.584	18.275	normal
5/22/2026 23:00	EV-PACK-001	330.43	-0.82	41.78	93.95	19.55	23.53	20.88	312	idle	991.63	17.675	normal
5/22/2026 23:10	EV-PACK-001	329.4	0.04	41.78	93.93	22.02	25.36	21.36	312	idle	991.632	18.087	normal
5/22/2026 23:20	EV-PACK-001	331.76	1.71	41.78	93.93	20.57	22.23	20.77	312	idle	991.726	18.121	normal
5/22/2026 23:30	EV-PACK-001	329.1	-0.27	41.78	93.91	21.29	22.91	20.93	312	idle	991.741	17.63	normal
5/22/2026 23:40	EV-PACK-001	330.59	1.91	41.78	93.98	21.95	24.11	21.24	312	idle	991.846	17.683	normal
5/22/2026 23:50	EV-PACK-001	328.74	-1.84	41.78	93.93	20.86	24.22	21.18	312	idle	991.947	18.372	normal
5/23/2026 0:00	EV-PACK-001	328.58	-0.68	41.78	93.94	21.24	24.19	21.55	312	idle	991.984	18.071	normal
5/23/2026 0:10	EV-PACK-001	331.88	-1.65	41.78	93.96	22.15	23.84	21.42	312	idle	992.075	18.091	normal
5/23/2026 0:20	EV-PACK-001	328.98	-0.18	41.78	93.93	18.98	23.3	20.29	312	idle	992.085	18.109	normal
5/23/2026 0:30	EV-PACK-001	326.95	0.93	41.78	93.92	22.39	24.26	21.25	312	idle	992.136	17.805	normal
5/23/2026 0:40	EV-PACK-001	330.77	1.35	41.78	93.94	21.28	22.93	21.1	312	idle	992.21	17.889	normal
5/23/2026 0:50	EV-PACK-001	329.56	0.11	41.78	93.96	21.22	22.73	21.16	312	idle	992.216	17.793	normal
5/23/2026 1:00	EV-PACK-001	329.7	-1.91	41.78	93.93	21.12	24.34	20.75	312	idle	992.321	18.375	normal
5/23/2026 1:10	EV-PACK-001	330.07	0.7	41.78	93.94	23.5	26.33	21.93	312	idle	992.36	18.48	normal
5/23/2026 1:20	EV-PACK-001	331.41	-0.97	41.78	93.94	21.13	24	21.63	312	idle	992.413	17.917	normal
5/23/2026 1:30	EV-PACK-001	332.1	1.72	41.78	93.98	20.72	23.57	21.42	312	idle	992.509	17.678	normal
5/23/2026 1:40	EV-PACK-001	328.13	-0.38	41.78	93.96	21.82	23.44	21.81	312	idle	992.529	18.033	normal
5/23/2026 1:50	EV-PACK-001	328.61	0.24	41.78	93.94	22.26	25.2	22.95	312	idle	992.543	18.421	normal
5/23/2026 2:00	EV-PACK-001	331.48	-1.23	41.78	93.94	21.71	25.95	21.96	312	idle	992.611	18.292	normal
5/23/2026 2:10	EV-PACK-001	331.33	0.51	41.78	93.94	23.32	26.13	21.98	312	idle	992.639	18.35	normal
5/23/2026 2:20	EV-PACK-001	330.4	-0.78	41.78	93.93	20.81	24.27	21.91	312	idle	992.681	18.084	normal
5/23/2026 2:30	EV-PACK-001	332.2	1.29	41.78	93.94	23.46	25.73	23.19	312	idle	992.753	17.828	normal
5/23/2026 2:40	EV-PACK-001	329.33	0.41	41.78	93.93	22.4	24.49	22.64	312	idle	992.775	18.248	normal
5/23/2026 2:50	EV-PACK-001	325.84	1.54	41.78	93.94	22.76	25.24	23.07	312	idle	992.859	17.605	normal
5/23/2026 3:00	EV-PACK-001	330.14	1.83	41.78	93.94	22.88	26.96	23.84	312	idle	992.959	18.085	normal
5/23/2026 3:10	EV-PACK-001	328.83	0.88	41.78	93.9	23.47	27.84	23.95	312	idle	993.007	17.923	normal
5/23/2026 3:20	EV-PACK-001	332.56	-1.2	41.78	93.9	23.67	26.83	23.47	312	idle	993.074	17.901	normal
5/23/2026 3:30	EV-PACK-001	333.49	-0.21	41.78	93.92	23.78	27.57	23.19	312	idle	993.085	17.981	normal
5/23/2026 3:40	EV-PACK-001	333.31	-0.95	41.78	93.93	26.17	29.51	25.01	312	idle	993.138	17.911	normal
5/23/2026 3:50	EV-PACK-001	334.63	0.53	41.78	93.94	23.36	25.71	24.2	312	idle	993.168	18.296	normal
5/23/2026 4:00	EV-PACK-001	330.3	-0.62	41.78	93.97	24.99	29.25	24.56	312	idle	993.202	18.282	normal
5/23/2026 4:10	EV-PACK-001	328.38	0.54	41.78	93.93	24.78	26.72	25.24	312	idle	993.231	18.187	normal
5/23/2026 4:20	EV-PACK-001	327.66	-0.25	41.78	93.93	24.4	28.12	24.57	312	idle	993.245	17.811	normal
5/23/2026 4:30	EV-PACK-001	331.25	1.1	41.78	93.93	24.26	28.25	24.65	312	idle	993.306	18.272	normal
5/23/2026 4:40	EV-PACK-001	331.47	1.47	41.78	93.97	25.76	27.47	25.21	312	idle	993.387	17.518	normal
5/23/2026 4:50	EV-PACK-001	330.72	-1.18	41.78	93.93	26.18	29.66	26.09	312	idle	993.453	18.222	normal
5/23/2026 5:00	EV-PACK-001	329.33	0.38	41.78	93.92	28.28	32.23	26.62	312	idle	993.474	18.04	normal
5/23/2026 5:10	EV-PACK-001	329.86	1.6	41.78	93.96	27.4	30.19	26.65	312	idle	993.562	18.348	normal
5/23/2026 5:20	EV-PACK-001	335	-1.42	41.78	93.94	28.22	31.67	27.31	312	idle	993.641	17.849	normal
5/23/2026 5:30	EV-PACK-001	332.36	-1.13	41.78	93.92	28.48	32.07	27.8	312	idle	993.704	18.258	normal
5/23/2026 5:40	EV-PACK-001	330.93	1.12	41.78	93.92	27.42	30.29	26.65	312	idle	993.765	18.272	normal
5/23/2026 5:50	EV-PACK-001	327.14	1.91	41.78	93.96	28.32	31.06	27.64	312	idle	993.869	18.374	normal
5/23/2026 6:00	EV-PACK-001	327.37	0.73	41.78	93.98	28.43	30.37	28.3	312	idle	993.909	17.98	normal
5/23/2026 6:10	EV-PACK-001	331.41	78.12	41.71	93.92	32.25	36.08	28.5	312	drive	998.224	17.829	normal
5/23/2026 6:20	EV-PACK-001	328.7	-1.87	41.71	93.97	29.85	32.41	29.5	312	idle	998.327	18.144	normal
5/23/2026 6:30	EV-PACK-001	330.64	1.73	41.71	93.96	28.36	32.31	28.89	312	idle	998.422	18.409	normal
5/23/2026 6:40	EV-PACK-001	329.44	112.64	41.59	93.92	36.27	38.04	30.12	312	drive	1004.607	17.818	normal
5/23/2026 6:50	EV-PACK-001	331.52	-1.48	41.59	93.94	30.1	33.82	29.43	312	idle	1004.689	17.534	normal
5/23/2026 7:00	EV-PACK-001	346.1	0.15	41.59	93.92	29.07	32.3	29.05	312	idle	1004.697	18.72	voltage_spike
5/23/2026 7:10	EV-PACK-001	346.29	0.58	41.59	93.96	31.68	35.23	30.3	312	idle	1004.729	17.795	voltage_spike
5/23/2026 7:20	EV-PACK-001	347.62	123.69	41.47	93.93	36.62	38.41	30.96	312	drive	1011.534	18.09	voltage_spike
5/23/2026 7:30	EV-PACK-001	341.63	70.26	41.4	93.94	34.33	37.55	30.93	312	drive	1015.385	17.866	voltage_spike
5/23/2026 7:40	EV-PACK-001	329.32	133.01	41.27	93.93	36.51	39.25	30.93	312	drive	1022.685	18.691	normal
5/23/2026 7:50	EV-PACK-001	332.24	-0.71	41.27	93.95	32.27	36.66	32.23	312	idle	1022.724	18.339	normal
5/23/2026 8:00	EV-PACK-001	329.63	-1.32	41.27	93.93	32.24	35.62	31.47	312	idle	1022.796	18.019	normal
5/23/2026 8:10	EV-PACK-001	328.52	0.37	41.27	93.96	31.74	34.64	32.26	312	idle	1022.816	18.573	normal
5/23/2026 8:20	EV-PACK-001	328.12	-1.3	41.27	93.91	31.23	34.44	31.39	312	idle	1022.887	17.688	normal
5/23/2026 8:30	EV-PACK-001	330.45	-0.87	41.27	93.96	32.24	34.33	31.85	312	idle	1022.935	18.29	normal
5/23/2026 8:40	EV-PACK-001	329.05	1.37	41.27	93.94	32.26	36.28	31.62	312	idle	1023.01	18.116	normal
5/23/2026 8:50	EV-PACK-001	329.57	-0.52	41.27	93.96	32.46	35.61	33.31	312	idle	1023.039	18.348	normal
5/23/2026 9:00	EV-PACK-001	331.56	-0.84	41.27	93.93	31.41	34.92	32.68	312	idle	1023.085	18.403	normal
5/23/2026 9:10	EV-PACK-001	327.72	-0.6	41.27	93.93	32.44	36.58	32.56	312	idle	1023.118	18.33	normal
5/23/2026 9:20	EV-PACK-001	331.03	-1.4	41.27	93.92	34.91	36.72	33.02	312	idle	1023.195	18.21	normal
5/23/2026 9:30	EV-PACK-001	328.51	0.65	41.27	93.95	33.62	37.76	34.06	312	idle	1023.231	18.213	normal
5/23/2026 9:40	EV-PACK-001	330.61	1.45	41.27	93.91	33.75	38.2	33.73	312	idle	1023.311	17.903	normal
5/23/2026 9:50	EV-PACK-001	329.76	0.79	41.27	93.92	33.76	37.41	33.89	312	idle	1023.354	18.643	normal
5/23/2026 10:00	EV-PACK-001	326.74	-0.82	41.27	93.95	34.76	37.54	33.7	312	idle	1023.399	18.386	normal
5/23/2026 10:10	EV-PACK-001	329.31	0.28	41.27	93.97	33.36	36.1	34.13	312	idle	1023.414	18.358	normal
5/23/2026 10:20	EV-PACK-001	329.07	-1.73	41.27	93.94	34.23	37.37	34.53	312	idle	1023.509	18	normal
5/23/2026 10:30	EV-PACK-001	330.47	-0.28	41.27	93.93	34.66	38.29	33.94	312	idle	1023.525	18.318	normal
5/23/2026 10:40	EV-PACK-001	330.73	-1.09	41.27	93.92	35.27	38.59	34.59	312	idle	1023.585	17.906	normal
5/23/2026 10:50	EV-PACK-001	325.99	0.57	41.27	93.94	34.17	37.5	34.31	312	idle	1023.616	18.352	normal
5/23/2026 11:00	EV-PACK-001	330.6	-0.79	41.27	93.92	33.88	36.64	34.46	312	idle	1023.659	17.449	normal
5/23/2026 11:10	EV-PACK-001	328.1	-0.95	41.27	93.95	34.09	37.28	34.46	312	idle	1023.711	18.168	normal
5/23/2026 11:20	EV-PACK-001	327.21	-0.5	41.27	93.94	34.62	37.43	35.09	312	idle	1023.738	17.996	normal
5/23/2026 11:30	EV-PACK-001	328.04	0.36	41.27	93.95	36.21	38.32	35.65	312	idle	1023.758	17.876	normal
5/23/2026 11:40	EV-PACK-001	330.2	0.99	41.27	93.92	35.11	38.2	34.89	312	idle	1023.813	18.106	normal
5/23/2026 11:50	EV-PACK-001	329.77	-0.97	41.27	93.89	35.63	39.62	35.3	312	idle	1023.866	17.849	normal
5/23/2026 12:00	EV-PACK-001	329.76	-36.47	41.3	93.94	37.22	39.22	35.28	312	charge	1025.871	17.757	normal
5/23/2026 12:10	EV-PACK-001	331.1	-46.03	41.35	93.93	38.17	41.42	35.83	312	charge	1028.41	18.334	normal
5/23/2026 12:20	EV-PACK-001	329.39	-25.86	41.37	93.93	36.55	39.69	35.25	312	charge	1029.83	18.266	normal
5/23/2026 12:30	EV-PACK-001	330.27	1	41.37	93.92	36.3	40.51	34.27	312	idle	1029.885	17.721	normal
5/23/2026 12:40	EV-PACK-001	327.83	-1.61	41.37	93.93	35.12	38.23	35.15	312	idle	1029.973	18.378	normal
5/23/2026 12:50	EV-PACK-001	331.34	-1.77	41.37	93.92	34.07	37.22	34.05	312	idle	1030.071	17.976	normal
5/23/2026 13:00	EV-PACK-001	330.38	-1.21	41.37	93.94	36.53	38.33	35.27	312	idle	1030.137	17.953	normal
5/23/2026 13:10	EV-PACK-001	329.37	-1.73	41.37	93.96	33.68	37.82	34.39	312	idle	1030.232	18.17	normal
5/23/2026 13:20	EV-PACK-001	330.13	-0.81	41.37	93.93	34.66	38.2	34.77	312	idle	1030.276	18.206	normal
5/23/2026 13:30	EV-PACK-001	330.6	0.45	41.37	93.93	35.64	38.28	35.31	312	idle	1030.301	17.741	normal
5/23/2026 13:40	EV-PACK-001	330.35	1.59	41.37	93.97	35.2	37.25	34.39	312	idle	1030.388	17.914	normal
5/23/2026 13:50	EV-PACK-001	329.49	-1.85	41.37	93.99	34.6	38.35	34.59	312	idle	1030.49	18.261	normal
5/23/2026 14:00	EV-PACK-001	327.12	-0.03	41.37	93.85	33.77	35.51	34.16	312	idle	1030.492	18.24	normal
5/23/2026 14:10	EV-PACK-001	326.66	-0.57	41.37	93.94	35.48	39.22	34.24	312	idle	1030.523	18.401	normal
5/23/2026 14:20	EV-PACK-001	331.38	0.11	41.37	93.9	32.86	36.48	32.56	312	idle	1030.529	17.996	normal
5/23/2026 14:30	EV-PACK-001	331.34	1.98	41.37	93.9	32.4	36.5	33.9	312	idle	1030.638	17.866	normal
5/23/2026 14:40	EV-PACK-001	327.5	1.26	41.37	93.93	34.06	38.02	33.38	312	idle	1030.707	17.956	normal
5/23/2026 14:50	EV-PACK-001	329.66	1.09	41.37	93.93	32.37	36.59	32.19	312	idle	1030.766	18.194	normal
5/23/2026 15:00	EV-PACK-001	329.51	0.42	41.37	93.95	33.37	36.39	33.09	312	idle	1030.79	17.927	normal
5/23/2026 15:10	EV-PACK-001	329.69	-1.75	41.37	93.9	32.29	34.01	32.45	312	idle	1030.886	17.968	normal
5/23/2026 15:20	EV-PACK-001	330.92	1.18	41.37	93.92	32.32	34.87	32.69	312	idle	1030.951	18.007	normal
5/23/2026 15:30	EV-PACK-001	331.95	0.88	41.37	93.97	32.9	34.88	31.76	312	idle	1030.999	17.852	normal
5/23/2026 15:40	EV-PACK-001	331.81	1.17	41.37	93.93	32.42	34.92	31.84	312	idle	1031.064	18.196	normal
5/23/2026 15:50	EV-PACK-001	329.23	1.5	41.37	93.92	32.44	34.53	31.46	312	idle	1031.146	18.127	normal
5/23/2026 16:00	EV-PACK-001	330.3	0.27	41.37	93.87	31.76	36.08	31.61	312	idle	1031.161	18.382	normal
5/23/2026 16:10	EV-PACK-001	327.39	1.98	41.37	93.96	31.32	33.57	31.42	312	idle	1031.269	17.983	normal
5/23/2026 16:20	EV-PACK-001	330.85	0.05	41.37	93.94	31.21	34.52	31.19	312	idle	1031.272	18.167	normal
5/23/2026 16:30	EV-PACK-001	331.37	0.69	41.37	93.96	28.79	32.43	29.82	312	idle	1031.31	18.132	normal
5/23/2026 16:40	EV-PACK-001	326.86	-0.84	41.37	93.96	30.82	32.81	30.42	312	idle	1031.356	17.588	normal
5/23/2026 16:50	EV-PACK-001	330.52	0.85	41.37	93.9	31.05	33.22	30.49	312	idle	1031.403	18.383	normal
5/23/2026 17:00	EV-PACK-001	330.23	-0.96	41.37	93.92	29.75	31.5	29.44	312	idle	1031.456	18.467	normal
5/23/2026 17:10	EV-PACK-001	330.13	-1.89	41.37	93.92	26.45	30.47	29.09	312	idle	1031.56	18.292	normal
5/23/2026 17:20	EV-PACK-001	328.92	-1.45	41.37	93.96	30.43	34.57	29.04	312	idle	1031.639	18.167	normal
5/23/2026 17:30	EV-PACK-001	333.29	136.89	41.24	93.96	35.3	37.62	28.89	312	drive	1039.243	18.174	normal
5/23/2026 17:40	EV-PACK-001	327.71	1.48	41.24	93.95	28.12	29.65	28.47	312	idle	1039.324	18.654	normal
5/23/2026 17:50	EV-PACK-001	331.18	1.28	41.24	93.91	28.02	29.66	27.94	312	idle	1039.394	18.461	normal
5/23/2026 18:00	EV-PACK-001	328.2	104.21	41.13	93.95	34.15	37.62	29.14	312	drive	1045.095	17.705	normal
5/23/2026 18:10	EV-PACK-001	327.92	1.26	41.13	93.97	27.48	29.15	27.54	312	idle	1045.164	17.82	normal
5/23/2026 18:20	EV-PACK-001	330.52	-0.18	41.13	93.94	27.35	30.14	27.68	312	idle	1045.173	18.043	normal
5/23/2026 18:30	EV-PACK-001	329.48	84.71	41.05	93.95	30.54	33.54	26.89	312	drive	1049.825	18.276	normal
5/23/2026 18:40	EV-PACK-001	327.49	82.92	40.97	93.93	30.49	33.14	26.59	312	drive	1054.351	17.88	normal
5/23/2026 18:50	EV-PACK-001	329.11	-1.12	40.97	93.93	25.86	27.84	26.95	312	idle	1054.412	18.04	normal
5/23/2026 19:00	EV-PACK-001	330.31	-44.82	41.01	93.93	29.21	31.81	26.43	312	charge	1056.88	18.295	normal
5/23/2026 19:10	EV-PACK-001	330.23	-34.5	41.05	93.95	26.79	31.18	26.4	312	charge	1058.778	18.042	normal
5/23/2026 19:20	EV-PACK-001	331.27	-37.42	41.08	93.94	28.24	32.19	25.6	312	charge	1060.844	17.813	normal
5/23/2026 19:30	EV-PACK-001	328.91	-34.96	41.12	93.94	27.65	31.5	25.02	312	charge	1062.761	18.73	normal
5/23/2026 19:40	EV-PACK-001	329.4	-20.3	41.14	93.92	26.16	27.83	26.27	312	charge	1063.876	17.974	normal
5/23/2026 19:50	EV-PACK-001	331.12	-48.46	41.19	93.95	27.3	29.2	25.41	312	charge	1066.55	18.107	normal
5/23/2026 20:00	EV-PACK-001	332.42	-24.55	41.21	93.97	27.1	29.12	25.28	312	charge	1067.91	18.374	normal
5/23/2026 20:10	EV-PACK-001	329.55	-49.82	41.26	93.94	27.31	29.66	25.24	312	charge	1070.647	18.627	normal
5/23/2026 20:20	EV-PACK-001	329.05	-20.17	41.28	93.93	24.99	27.67	24.21	312	charge	1071.753	18.641	normal
5/23/2026 20:30	EV-PACK-001	330.65	-32.96	41.31	93.94	26.34	28.52	23.76	312	charge	1073.569	18.186	normal
5/23/2026 20:40	EV-PACK-001	330.09	-37.11	41.35	93.93	25.14	28.55	23.42	312	charge	1075.611	18.261	normal
5/23/2026 20:50	EV-PACK-001	333.72	-29.97	41.38	93.93	23.53	25.71	23.15	312	charge	1077.278	17.839	normal
5/23/2026 21:00	EV-PACK-001	329.94	-21.51	41.4	93.93	24.89	28.82	23.5	312	charge	1078.461	18.053	normal
5/23/2026 21:10	EV-PACK-001	328.03	-22.06	41.42	93.9	23.65	25.25	22.05	312	charge	1079.667	18.309	normal
5/23/2026 21:20	EV-PACK-001	325.59	-44.01	41.47	93.91	24.86	27.4	21.9	312	charge	1082.055	18.379	normal
5/23/2026 21:30	EV-PACK-001	326.4	-38.49	41.51	93.94	25.26	27.88	22.97	312	charge	1084.149	17.942	normal
5/23/2026 21:40	EV-PACK-001	328.47	-24.19	41.53	93.92	23.88	27.91	22.16	312	charge	1085.473	18.499	normal
5/23/2026 21:50	EV-PACK-001	329.8	-49.39	41.58	93.93	25.14	28.44	21.39	312	charge	1088.188	17.887	normal
5/23/2026 22:00	EV-PACK-001	330.55	1.81	41.58	93.96	22.22	24.88	22	312	idle	1088.288	18.112	normal
5/23/2026 22:10	EV-PACK-001	329.05	-1.78	41.58	93.96	21.43	23.95	21.79	312	idle	1088.385	17.902	normal
5/23/2026 22:20	EV-PACK-001	326.18	0.14	41.58	93.94	22.01	25.44	21.55	312	idle	1088.393	17.983	normal
5/23/2026 22:30	EV-PACK-001	331.28	-1.01	41.58	93.9	21.52	23.57	21.28	312	idle	1088.449	17.837	normal
5/23/2026 22:40	EV-PACK-001	330.2	-1.62	41.58	93.95	20.5	23.95	21.53	312	idle	1088.537	18.111	normal
5/23/2026 22:50	EV-PACK-001	330.71	0.93	41.58	93.94	20.87	23.44	21.63	312	idle	1088.589	18.071	normal
5/23/2026 23:00	EV-PACK-001	331.04	-0.19	41.58	93.95	20.46	24.76	20.42	312	idle	1088.6	17.834	normal
5/23/2026 23:10	EV-PACK-001	329.65	0.28	41.58	93.94	20.35	23.65	20.41	312	idle	1088.615	18.084	normal
5/23/2026 23:20	EV-PACK-001	330.03	-0.3	41.58	93.94	19.94	22.71	20.44	312	idle	1088.632	17.467	normal
5/23/2026 23:30	EV-PACK-001	330.48	-0.51	41.58	93.94	21.65	24.73	21.87	312	idle	1088.66	18.037	normal
5/23/2026 23:40	EV-PACK-001	333.1	0.91	41.58	93.95	20.61	23.98	20.62	312	idle	1088.711	17.725	normal
5/23/2026 23:50	EV-PACK-001	329.1	-1.22	41.58	93.92	21.7	24.44	20.98	312	idle	1088.778	17.909	normal
5/24/2026 0:00	EV-PACK-001	329.75	1.96	41.58	93.93	21.01	22.95	20.4	312	idle	1088.885	17.813	normal
5/24/2026 0:10	EV-PACK-001	328.59	-1.87	41.58	93.94	21.77	25.52	21.56	312	idle	1088.988	18.156	normal
5/24/2026 0:20	EV-PACK-001	330.86	-1.38	41.58	93.91	22.49	24.57	21.85	312	idle	1089.064	17.84	normal
5/24/2026 0:30	EV-PACK-001	330.33	0.26	41.58	93.91	20.47	22.31	20.39	312	idle	1089.078	18.746	normal
5/24/2026 0:40	EV-PACK-001	328.68	-0.27	41.58	93.91	20.38	24.34	22.13	312	idle	1089.093	17.799	normal
5/24/2026 0:50	EV-PACK-001	330.96	-0.32	41.58	93.91	21.94	25.14	20.48	312	idle	1089.11	18.195	normal
5/24/2026 1:00	EV-PACK-001	330.59	1.17	41.58	93.95	21.94	26.25	21.07	312	idle	1089.175	17.877	normal
5/24/2026 1:10	EV-PACK-001	328.83	1.33	41.58	93.93	20.91	23.49	21.3	312	idle	1089.248	18.222	normal
5/24/2026 1:20	EV-PACK-001	331.85	-1.56	41.58	93.93	20.78	24.94	21.29	312	idle	1089.334	18.065	normal
5/24/2026 1:30	EV-PACK-001	332.07	-0.19	41.58	93.92	20.14	24.04	21.18	312	idle	1089.344	17.985	normal
5/24/2026 1:40	EV-PACK-001	331.31	-1.11	41.58	93.95	22.49	24.1	22.66	312	idle	1089.406	17.695	normal
5/24/2026 1:50	EV-PACK-001	330.51	1	41.58	93.95	21.91	24.22	22.04	312	idle	1089.461	18.181	normal
5/24/2026 2:00	EV-PACK-001	329.87	0.24	41.58	93.96	20.37	22.87	21.2	312	idle	1089.474	18.089	normal
5/24/2026 2:10	EV-PACK-001	332.84	1.63	41.58	93.92	22.97	26.86	22.93	312	idle	1089.565	17.995	normal
5/24/2026 2:20	EV-PACK-001	331.83	1.86	41.58	93.93	21.5	25.17	21.93	312	idle	1089.667	17.777	normal
5/24/2026 2:30	EV-PACK-001	327.41	-0.6	41.58	93.94	23.07	27.11	23.33	312	idle	1089.7	18.427	normal
5/24/2026 2:40	EV-PACK-001	329.18	0.02	41.58	93.88	23.61	26.58	22.32	312	idle	1089.702	18.332	normal
5/24/2026 2:50	EV-PACK-001	331.89	1.46	41.58	93.96	21.39	23.45	22.81	312	idle	1089.782	17.771	normal
5/24/2026 3:00	EV-PACK-001	330.41	-1	41.58	93.91	22.6	25.63	23.17	312	idle	1089.837	17.349	normal
5/24/2026 3:10	EV-PACK-001	326.98	-0.29	41.58	93.93	23	26.64	23.29	312	idle	1089.853	17.696	normal
5/24/2026 3:20	EV-PACK-001	329.55	-0.19	41.58	93.93	23.4	27.77	23.53	312	idle	1089.864	17.734	normal
5/24/2026 3:30	EV-PACK-001	331.17	1.05	41.58	93.91	24	27	23.51	312	idle	1089.922	17.836	normal
5/24/2026 3:40	EV-PACK-001	328.65	-0.11	41.58	93.9	24.17	27.23	24.05	312	idle	1089.928	18.113	normal
5/24/2026 3:50	EV-PACK-001	331.44	-0.27	41.58	93.92	24.46	28.07	24.94	312	idle	1089.943	18.095	normal
5/24/2026 4:00	EV-PACK-001	330.21	0.82	41.58	93.92	25.75	28.14	25.11	312	idle	1089.988	18.13	normal
5/24/2026 4:10	EV-PACK-001	332.12	0.82	41.58	93.93	25	28.76	25.22	312	idle	1090.033	18.36	normal
5/24/2026 4:20	EV-PACK-001	331.24	-1.49	41.58	93.95	24.43	26.34	24.89	312	idle	1090.116	18.136	normal
5/24/2026 4:30	EV-PACK-001	329.66	0.4	41.58	93.91	25.1	27.07	25.27	312	idle	1090.138	17.738	normal
5/24/2026 4:40	EV-PACK-001	329.85	-1.17	41.58	93.95	25.01	27.09	25.34	312	idle	1090.202	18.598	normal
5/24/2026 4:50	EV-PACK-001	332.62	0.6	41.58	93.95	25.69	29.46	25.47	312	idle	1090.235	18.348	normal
5/24/2026 5:00	EV-PACK-001	331.29	-1.37	41.58	93.91	25.04	29.17	25.9	312	idle	1090.311	17.799	normal
5/24/2026 5:10	EV-PACK-001	329.41	0.68	41.58	93.94	25.72	27.28	26.2	312	idle	1090.348	17.789	normal
5/24/2026 5:20	EV-PACK-001	329.59	-1.45	41.58	93.99	27.71	29.54	27.35	312	idle	1090.428	18.294	normal
5/24/2026 5:30	EV-PACK-001	331.01	0.03	41.58	93.94	28.34	31.57	27.02	312	idle	1090.429	17.487	normal
5/24/2026 5:40	EV-PACK-001	328.16	1.25	41.58	93.91	28.96	32.53	28.68	312	idle	1090.498	18.503	normal
5/24/2026 5:50	EV-PACK-001	329.08	-0.82	41.58	93.91	28.96	31.28	27.73	312	idle	1090.543	17.966	normal
5/24/2026 6:00	EV-PACK-001	331.37	0.04	41.58	93.92	26.93	30.64	27.37	312	idle	1090.545	17.919	normal
5/24/2026 6:10	EV-PACK-001	327.47	-1	41.58	93.95	30.52	34.62	28.8	312	idle	1090.6	18.03	normal
5/24/2026 6:20	EV-PACK-001	330.01	-1.54	41.58	93.93	29.4	31.64	28.89	312	idle	1090.684	18.719	normal
5/24/2026 6:30	EV-PACK-001	327.84	0.94	41.58	93.93	28.29	30.56	28.45	312	idle	1090.736	17.983	normal
5/24/2026 6:40	EV-PACK-001	331.42	0.66	41.58	93.92	29.38	33.42	29.15	312	idle	1090.772	18.184	normal
5/24/2026 6:50	EV-PACK-001	330.47	0.35	41.58	93.92	27.63	30.87	28.71	312	idle	1090.791	18.144	normal
5/24/2026 7:00	EV-PACK-001	328.34	63.73	41.52	93.94	33.94	37.8	30.12	312	drive	1094.279	18.064	normal
5/24/2026 7:10	EV-PACK-001	332.93	-0.12	41.52	93.94	29.84	31.97	30.3	312	idle	1094.286	18.078	normal
5/24/2026 7:20	EV-PACK-001	331.43	-1.12	41.52	93.92	32.5	34.07	30.97	312	idle	1094.348	18.146	normal
5/24/2026 7:30	EV-PACK-001	328.27	116.37	41.4	93.92	38.06	40.07	31.53	312	drive	1100.714	18.771	normal
5/24/2026 7:40	EV-PACK-001	327.02	1.57	41.4	93.92	31.25	34.3	30.63	312	idle	1100.8	18.118	normal
5/24/2026 7:50	EV-PACK-001	330.31	117.73	41.28	93.92	38.55	40.77	31.6	312	drive	1107.281	17.684	normal
5/24/2026 8:00	EV-PACK-001	327.44	-0.48	41.28	93.92	32.04	36.17	31.71	312	idle	1107.307	18.71	normal
5/24/2026 8:10	EV-PACK-001	328	-1.53	41.28	93.93	32.99	36.56	32.35	312	idle	1107.391	17.849	normal
5/24/2026 8:20	EV-PACK-001	330.79	1.59	41.28	93.91	31.05	34.48	31.32	312	idle	1107.478	17.797	normal
5/24/2026 8:30	EV-PACK-001	328.04	1.03	41.28	93.95	32.93	36.9	33.14	312	idle	1107.535	17.832	normal
5/24/2026 8:40	EV-PACK-001	329.4	-0.08	41.28	93.93	32.4	36.8	32.43	312	idle	1107.539	17.335	normal
5/24/2026 8:50	EV-PACK-001	330.99	0.77	41.28	93.95	31.83	36.33	32.7	312	idle	1107.582	17.643	normal
5/24/2026 9:00	EV-PACK-001	329.83	-1.63	41.28	93.93	32.73	34.57	32.82	312	idle	1107.671	18.239	normal
5/24/2026 9:10	EV-PACK-001	330.71	-1.58	41.28	93.95	34.82	36.64	33.61	312	idle	1107.758	18.187	normal
5/24/2026 9:20	EV-PACK-001	332.12	0.04	41.28	93.96	34.62	36.49	33.32	312	idle	1107.76	18.001	normal
5/24/2026 9:30	EV-PACK-001	329.06	-0.93	41.28	93.93	34.26	35.77	33.95	312	idle	1107.811	17.938	normal
5/24/2026 9:40	EV-PACK-001	330.89	0.57	41.28	93.94	34.92	38.52	33.87	312	idle	1107.843	18.054	normal
5/24/2026 9:50	EV-PACK-001	330.55	0.32	41.28	93.94	34.07	35.94	33.94	312	idle	1107.86	18.575	normal
5/24/2026 10:00	EV-PACK-001	328.03	-1.91	41.28	93.88	32.88	35.4	34.19	312	idle	1107.964	18.123	normal
5/24/2026 10:10	EV-PACK-001	329.22	-1.9	41.28	93.94	33.49	36.97	33.94	312	idle	1108.069	18.655	normal
5/24/2026 10:20	EV-PACK-001	329.5	0.08	41.28	93.92	33.45	37.83	34.06	312	idle	1108.073	18.441	normal
5/24/2026 10:30	EV-PACK-001	329.72	1.53	41.28	93.94	32.41	34.68	33.92	312	idle	1108.157	18.398	normal
5/24/2026 10:40	EV-PACK-001	331.71	-1.23	41.28	93.95	37.99	40.45	35.69	312	idle	1108.225	18.187	normal
5/24/2026 10:50	EV-PACK-001	328.57	-1.45	41.28	93.93	34.78	36.39	34.4	312	idle	1108.305	17.932	normal
5/24/2026 11:00	EV-PACK-001	327.36	0.38	41.28	93.93	33.79	36.35	34.69	312	idle	1108.325	18.263	normal
5/24/2026 11:10	EV-PACK-001	331.15	-0.1	41.28	93.94	35.86	40.03	35.37	312	idle	1108.331	18.468	normal
5/24/2026 11:20	EV-PACK-001	326.02	-0.63	41.28	93.96	34.88	38.05	35.08	312	idle	1108.365	18.484	normal
5/24/2026 11:30	EV-PACK-001	327.78	-1.51	41.28	93.89	33.37	35.37	34.22	312	idle	1108.447	18.043	normal
5/24/2026 11:40	EV-PACK-001	331.12	-1.38	41.28	93.96	35.01	38.4	35.3	312	idle	1108.524	18.13	normal
5/24/2026 11:50	EV-PACK-001	329.55	1.36	41.28	93.91	32.77	35.45	33.58	312	idle	1108.599	18.101	normal
5/24/2026 12:00	EV-PACK-001	329.22	-32.72	41.32	93.89	36.14	38.47	35.03	312	charge	1110.394	18.137	normal
5/24/2026 12:10	EV-PACK-001	331.51	-36.28	41.35	93.92	37.33	39.12	35.22	312	charge	1112.398	17.836	normal
5/24/2026 12:20	EV-PACK-001	331.55	-43.78	41.4	93.92	37.51	40.1	34.35	312	charge	1114.817	18.002	normal
5/24/2026 12:30	EV-PACK-001	327.27	-1.61	41.4	93.93	35.7	38.56	35.23	312	idle	1114.905	18.006	normal
5/24/2026 12:40	EV-PACK-001	329.13	1.11	41.4	93.93	35.83	37.57	35.1	312	idle	1114.966	17.946	normal
5/24/2026 12:50	EV-PACK-001	330.85	-1.03	41.4	93.92	36.04	40.27	35.03	312	idle	1115.022	17.983	normal
5/24/2026 13:00	EV-PACK-001	331.57	1.33	41.4	93.93	35.46	38.13	34.69	312	idle	1115.096	18.333	normal
5/24/2026 13:10	EV-PACK-001	329.46	1.91	41.4	93.88	35.08	37.76	35.04	312	idle	1115.201	17.952	normal
5/24/2026 13:20	EV-PACK-001	329.77	-0.48	41.4	93.92	35.41	37.09	34.04	312	idle	1115.227	18.165	normal
5/24/2026 13:30	EV-PACK-001	329.46	0.88	41.4	93.93	34.19	36.81	35.02	312	idle	1115.275	18.864	normal
5/24/2026 13:40	EV-PACK-001	330.44	0.53	41.4	93.93	33.81	35.88	33.99	312	idle	1115.304	17.944	normal
5/24/2026 13:50	EV-PACK-001	327.67	0.66	41.4	93.93	34.12	38.28	34.03	312	idle	1115.34	18.044	normal
5/24/2026 14:00	EV-PACK-001	330.5	-0.3	41.4	93.91	34.26	36.61	34.44	312	idle	1115.357	17.828	normal
5/24/2026 14:10	EV-PACK-001	329.82	-1.23	41.4	93.92	33.2	35.07	33.91	312	idle	1115.424	18.387	normal
5/24/2026 14:20	EV-PACK-001	330.31	-0.04	41.4	93.95	34.42	37.59	33.32	312	idle	1115.426	18.077	normal
5/24/2026 14:30	EV-PACK-001	333.34	0.98	41.4	93.92	30.53	32.8	32.65	312	idle	1115.481	17.926	normal
5/24/2026 14:40	EV-PACK-001	329.51	-1.78	41.4	93.9	32.5	36.69	33.15	312	idle	1115.578	18.296	normal
5/24/2026 14:50	EV-PACK-001	328.71	-0.64	41.4	93.96	32.26	35.01	32.34	312	idle	1115.614	18.306	normal
5/24/2026 15:00	EV-PACK-001	327.6	-0.52	41.4	93.94	32.94	34.86	33.24	312	idle	1115.642	17.625	normal
5/24/2026 15:10	EV-PACK-001	332.41	-1.14	41.4	93.94	32.04	36.26	32.19	312	idle	1115.705	17.773	normal
5/24/2026 15:20	EV-PACK-001	329.24	-0.58	41.4	93.91	31.9	35.35	32.25	312	idle	1115.737	18.427	normal
5/24/2026 15:30	EV-PACK-001	332.1	-0.25	41.4	93.92	32.33	35.33	33.13	312	idle	1115.751	17.995	normal
5/24/2026 15:40	EV-PACK-001	331.46	-1.57	41.4	93.9	32.16	34.86	32.42	312	idle	1115.837	17.908	normal
5/24/2026 15:50	EV-PACK-001	330.05	-0.3	41.4	93.95	29.67	33.06	31.19	312	idle	1115.853	18.598	normal
5/24/2026 16:00	EV-PACK-001	330.36	-1.16	41.4	93.96	29.41	33.68	31.21	312	idle	1115.917	18.079	normal
5/24/2026 16:10	EV-PACK-001	329.52	-0.56	41.4	93.94	30.13	32.58	30.37	312	idle	1115.948	18.322	normal
5/24/2026 16:20	EV-PACK-001	328.78	1.23	41.4	93.91	31.1	34.84	31.85	312	idle	1116.016	18.585	normal
5/24/2026 16:30	EV-PACK-001	329.49	1	41.4	93.94	31.88	35.34	31.42	312	idle	1116.071	18.051	normal
5/24/2026 16:40	EV-PACK-001	330.72	1.16	41.4	93.92	30.32	32.83	30.39	312	idle	1116.135	18.323	normal
5/24/2026 16:50	EV-PACK-001	327.86	-0.76	41.4	93.92	31.77	35.44	30.35	312	idle	1116.176	18.409	normal
5/24/2026 17:00	EV-PACK-001	328.73	1.62	41.4	93.9	32.07	34.39	30.5	312	idle	1116.265	18.674	normal
5/24/2026 17:10	EV-PACK-001	329.28	-0.47	41.4	93.92	29.64	33.28	30.55	312	idle	1116.291	17.913	normal
5/24/2026 17:20	EV-PACK-001	329.63	-1.52	41.4	93.9	29.14	32.07	29.99	312	idle	1116.375	18.034	normal
5/24/2026 17:30	EV-PACK-001	328.63	88.54	41.31	93.91	33.17	35.86	28.59	312	drive	1121.225	18.251	normal
5/24/2026 17:40	EV-PACK-001	329.05	0.39	41.31	93.91	28.68	31.27	28.36	312	idle	1121.246	18.6	normal
5/24/2026 17:50	EV-PACK-001	330.57	1.28	41.31	93.94	27.94	31.56	28.24	312	idle	1121.317	17.917	normal
5/24/2026 18:00	EV-PACK-001	329.54	85.35	41.22	93.91	31.16	32.82	28.17	312	drive	1126.004	18.158	normal
5/24/2026 18:10	EV-PACK-001	329.11	132.56	41.09	93.93	32.92	36.94	27.76	312	drive	1133.275	18.463	normal
5/24/2026 18:20	EV-PACK-001	328.71	0.97	41.09	93.94	25.34	28.43	26.4	312	idle	1133.329	18.207	normal
5/24/2026 18:30	EV-PACK-001	329.83	-1.99	41.09	93.96	26.96	31.39	27.29	312	idle	1133.438	18.114	normal
5/24/2026 18:40	EV-PACK-001	328.71	90.52	41	93.86	31.74	34.9	27.16	312	drive	1138.398	17.347	normal
5/24/2026 18:50	EV-PACK-001	328.66	68.04	40.93	93.91	31.67	33.92	27.1	312	drive	1142.124	17.758	normal
5/24/2026 19:00	EV-PACK-001	331.62	-26.87	40.96	93.9	29.19	31.19	26.19	312	charge	1143.609	18.142	normal
5/24/2026 19:10	EV-PACK-001	328.77	-46.61	41	93.89	29.15	31.24	26.67	312	charge	1146.163	18.19	normal
5/24/2026 19:20	EV-PACK-001	330.98	-31.46	41.04	93.94	27.4	29.78	26.15	312	charge	1147.899	17.782	normal
5/24/2026 19:30	EV-PACK-001	329.28	-32.88	41.07	93.94	26.46	30.53	24.88	312	charge	1149.703	18.077	normal
5/24/2026 19:40	EV-PACK-001	329.56	-25.12	41.09	93.94	25.88	27.57	24.85	312	charge	1151.083	18.135	normal
5/24/2026 19:50	EV-PACK-001	327.3	-48.42	41.14	93.92	27.17	30.67	24.24	312	charge	1153.724	17.891	normal
5/24/2026 20:00	EV-PACK-001	327.22	-33.85	41.18	93.93	24.57	26.41	23.9	312	charge	1155.57	17.926	normal
5/24/2026 20:10	EV-PACK-001	327.92	-43.85	41.22	93.93	25.83	29.6	23.82	312	charge	1157.967	18.845	normal
5/24/2026 20:20	EV-PACK-001	332.71	-29.84	41.25	93.91	23.73	27.74	23.69	312	charge	1159.622	18.076	normal
5/24/2026 20:30	EV-PACK-001	331.65	-34.37	41.28	93.92	23.98	25.51	23.57	312	charge	1161.521	18.461	normal
5/24/2026 20:40	EV-PACK-001	329.22	-21.87	41.31	93.94	23.39	26.81	23.01	312	charge	1162.721	17.727	normal
5/24/2026 20:50	EV-PACK-001	331.79	-48.74	41.35	93.92	25.17	28.27	23.33	312	charge	1165.416	17.983	normal
5/24/2026 21:00	EV-PACK-001	326.64	-40.7	41.39	93.95	24.39	27.09	23	312	charge	1167.632	18.188	normal
5/24/2026 21:10	EV-PACK-001	331.78	-28.73	41.42	93.94	25.72	28.6	23.82	312	charge	1169.221	18.703	normal
5/24/2026 21:20	EV-PACK-001	329.69	-39.97	41.46	93.92	24.52	26.95	22.99	312	charge	1171.417	17.932	normal
5/24/2026 21:30	EV-PACK-001	329.48	-41.34	41.5	93.95	23.49	27.13	21.27	312	charge	1173.687	18.238	normal
5/24/2026 21:40	EV-PACK-001	331.49	-41.72	41.55	93.92	23.69	27.37	21.65	312	charge	1175.992	17.797	normal
5/24/2026 21:50	EV-PACK-001	330.76	-49.98	41.6	93.95	25.49	29.23	22.82	312	charge	1178.747	17.673	normal
5/24/2026 22:00	EV-PACK-001	328.08	-1.34	41.6	93.94	20.85	24.06	21.66	312	idle	1178.82	17.815	normal
5/24/2026 22:10	EV-PACK-001	329.12	0.87	41.6	93.93	21.77	23.33	21.46	312	idle	1178.868	18.159	normal
5/24/2026 22:20	EV-PACK-001	328.35	0.6	41.6	93.9	22.28	24.13	22.2	312	idle	1178.901	17.71	normal
5/24/2026 22:30	EV-PACK-001	328.77	-0.96	41.6	93.91	21.78	24.35	21.17	312	idle	1178.953	17.675	normal
5/24/2026 22:40	EV-PACK-001	329.01	-0.7	41.6	93.91	21.05	24.12	21.33	312	idle	1178.992	18.194	normal
5/24/2026 22:50	EV-PACK-001	328.71	1.18	41.6	93.91	22.19	26.34	22.06	312	idle	1179.057	18.513	normal
5/24/2026 23:00	EV-PACK-001	332.15	-1.98	41.6	93.93	22.74	25.45	21.62	312	idle	1179.166	18.07	normal
5/24/2026 23:10	EV-PACK-001	330.03	0.49	41.6	93.93	20.77	24.25	21.08	312	idle	1179.193	17.785	normal
5/24/2026 23:20	EV-PACK-001	327.98	0.76	41.6	93.96	20.83	22.92	20.7	312	idle	1179.235	17.504	normal
5/24/2026 23:30	EV-PACK-001	330.77	-1.46	41.6	93.93	21.49	23.07	20.85	312	idle	1179.315	18.449	normal
5/24/2026 23:40	EV-PACK-001	332.86	-0.79	41.6	93.91	22.66	25.28	21.91	312	idle	1179.359	18.933	normal
5/24/2026 23:50	EV-PACK-001	331.51	0.5	41.6	93.95	21.23	24.43	21.75	312	idle	1179.387	18.074	normal
